/*
 Navicat Premium Data Transfer

 Source Server         : 路由侠mysql
 Source Server Type    : MySQL
 Source Server Version : 50743
 Source Host           : linkm.e3.luyouxia.net:13979
 Source Schema         : menu

 Target Server Type    : MySQL
 Target Server Version : 50743
 File Encoding         : 65001

 Date: 04/03/2024 14:22:45
*/

SET NAMES utf8mb4;
SET FOREIGN_KEY_CHECKS = 0;

-- ----------------------------
-- Table structure for goods
-- ----------------------------
DROP TABLE IF EXISTS `goods`;
CREATE TABLE `goods`  (
  `id` int(11) NOT NULL AUTO_INCREMENT,
  `goods_code` varchar(255) CHARACTER SET utf8mb4 COLLATE utf8mb4_general_ci NULL DEFAULT NULL,
  `goods_name` varchar(255) CHARACTER SET utf8mb4 COLLATE utf8mb4_general_ci NULL DEFAULT NULL,
  `show_order` varchar(255) CHARACTER SET utf8mb4 COLLATE utf8mb4_general_ci NULL DEFAULT NULL,
  `type_id` int(11) NULL DEFAULT NULL,
  `goods_price` decimal(10, 2) NULL DEFAULT NULL,
  `show_flag` varchar(1) CHARACTER SET utf8mb4 COLLATE utf8mb4_general_ci NULL DEFAULT NULL,
  PRIMARY KEY (`id`) USING BTREE,
  INDEX `type_goods`(`type_id`) USING BTREE,
  CONSTRAINT `type_goods` FOREIGN KEY (`type_id`) REFERENCES `goods_type` (`id`) ON DELETE RESTRICT ON UPDATE RESTRICT
) ENGINE = InnoDB AUTO_INCREMENT = 504 CHARACTER SET = utf8mb4 COLLATE = utf8mb4_general_ci ROW_FORMAT = DYNAMIC;

-- ----------------------------
-- Records of goods
-- ----------------------------
INSERT INTO `goods` VALUES (101, '1_1', '火腿', '1', 1, 5.00, NULL);
INSERT INTO `goods` VALUES (102, '1_2', '紫米', '2', 1, 5.00, NULL);
INSERT INTO `goods` VALUES (103, '1_3', '烤肠', '3', 1, 6.00, NULL);
INSERT INTO `goods` VALUES (104, '1_4', '香煎鸡扒', '4', 1, 7.00, NULL);
INSERT INTO `goods` VALUES (105, '1_5', '鸡柳', '5', 1, 7.00, NULL);
INSERT INTO `goods` VALUES (106, '1_6', '芋泥麻薯', '6', 1, 6.00, NULL);
INSERT INTO `goods` VALUES (107, '1_7', '芝士培根', '7', 1, 7.00, NULL);
INSERT INTO `goods` VALUES (108, '1_8', '紫薯麻薯', '8', 1, 6.00, NULL);
INSERT INTO `goods` VALUES (109, '1_9', '厚切双拼', '9', 1, 12.00, NULL);
INSERT INTO `goods` VALUES (110, '1_10', '牛肉饼', '10', 1, 7.00, NULL);
INSERT INTO `goods` VALUES (111, '1_11', '芋泥', '11', 1, 6.00, NULL);
INSERT INTO `goods` VALUES (112, '1_12', '紫米鸡扒', '12', 1, 7.00, NULL);
INSERT INTO `goods` VALUES (113, '1_13', '紫薯', '13', 1, 6.00, NULL);
INSERT INTO `goods` VALUES (114, '1_14', '紫米麻薯', '14', 1, 6.00, NULL);
INSERT INTO `goods` VALUES (115, '1_15', '黑椒鸡扒', '15', 1, 7.00, NULL);
INSERT INTO `goods` VALUES (116, '1_16', '奥尔良鸡扒', '16', 1, 7.00, NULL);
INSERT INTO `goods` VALUES (202, '2_2', '鸡扒', '2', 2, 7.00, NULL);
INSERT INTO `goods` VALUES (203, '2_3', '鸡柳', '3', 2, 7.00, NULL);
INSERT INTO `goods` VALUES (204, '2_4', '蟹柳（售罄）', '4', 2, 7.00, NULL);
INSERT INTO `goods` VALUES (205, '2_5', '小酥肉', '5', 2, 7.00, NULL);
INSERT INTO `goods` VALUES (206, '2_6', '盐酥鸡米花（售罄）', '6', 2, 7.00, NULL);
INSERT INTO `goods` VALUES (207, '2_7', '牛肉饼', '7', 2, 7.00, NULL);
INSERT INTO `goods` VALUES (301, '3_1', '火腿', '1', 3, 3.00, NULL);
INSERT INTO `goods` VALUES (302, '3_2', '红豆（售罄）', '2', 3, 3.00, NULL);
INSERT INTO `goods` VALUES (303, '3_3', '咸蛋黄（售罄）', '3', 3, 4.00, NULL);
INSERT INTO `goods` VALUES (304, '3_4', '鸡扒', '4', 3, 4.00, NULL);
INSERT INTO `goods` VALUES (305, '3_5', '鸡柳', '5', 3, 4.00, NULL);
INSERT INTO `goods` VALUES (306, '3_6', '玉米吞拿鱼（售罄）', '6', 3, 4.00, NULL);
INSERT INTO `goods` VALUES (307, '3_7', '牛肉饼', '7', 3, 4.00, NULL);
INSERT INTO `goods` VALUES (401, '4_1', '五谷杂粮豆浆', '1', 4, 2.00, NULL);
INSERT INTO `goods` VALUES (501, '5_1', '黑椒鸡扒堡', '1', 5, 8.00, NULL);
INSERT INTO `goods` VALUES (502, '5_2', '奥尔良鸡扒堡', '2', 5, 8.00, NULL);
INSERT INTO `goods` VALUES (503, '5_3', '芝士肉饼堡', '3', 5, 8.00, NULL);

-- ----------------------------
-- Table structure for goods_type
-- ----------------------------
DROP TABLE IF EXISTS `goods_type`;
CREATE TABLE `goods_type`  (
  `id` int(11) NOT NULL AUTO_INCREMENT,
  `name` varchar(255) CHARACTER SET utf8mb4 COLLATE utf8mb4_general_ci NULL DEFAULT NULL,
  `show_order` varchar(255) CHARACTER SET utf8mb4 COLLATE utf8mb4_general_ci NULL DEFAULT NULL,
  PRIMARY KEY (`id`) USING BTREE
) ENGINE = InnoDB AUTO_INCREMENT = 6 CHARACTER SET = utf8mb4 COLLATE = utf8mb4_general_ci ROW_FORMAT = DYNAMIC;

-- ----------------------------
-- Records of goods_type
-- ----------------------------
INSERT INTO `goods_type` VALUES (1, '三文治', '1');
INSERT INTO `goods_type` VALUES (2, '台湾手卷饭团', '2');
INSERT INTO `goods_type` VALUES (3, '饭团', '3');
INSERT INTO `goods_type` VALUES (4, '豆浆', '4');
INSERT INTO `goods_type` VALUES (5, '汉堡', '5');

-- ----------------------------
-- Table structure for httpinfo
-- ----------------------------
DROP TABLE IF EXISTS `httpinfo`;
CREATE TABLE `httpinfo`  (
  `id` int(11) NOT NULL AUTO_INCREMENT,
  `user_id` int(11) NULL DEFAULT NULL,
  `httpinfo` varchar(4000) CHARACTER SET utf8mb4 COLLATE utf8mb4_general_ci NULL DEFAULT NULL,
  `lasttime` timestamp(0) NULL DEFAULT NULL,
  `mail` varchar(255) CHARACTER SET utf8mb4 COLLATE utf8mb4_general_ci NULL DEFAULT NULL,
  `lastinfo` varchar(4000) CHARACTER SET utf8mb4 COLLATE utf8mb4_general_ci NULL DEFAULT NULL,
  `scheduled` varchar(1) CHARACTER SET utf8mb4 COLLATE utf8mb4_general_ci NULL DEFAULT NULL,
  `token` varchar(1000) CHARACTER SET utf8mb4 COLLATE utf8mb4_general_ci NULL DEFAULT NULL,
  `a00` varchar(1000) CHARACTER SET utf8mb4 COLLATE utf8mb4_general_ci NULL DEFAULT NULL,
  PRIMARY KEY (`id`) USING BTREE
) ENGINE = InnoDB AUTO_INCREMENT = 25 CHARACTER SET = utf8mb4 COLLATE = utf8mb4_general_ci ROW_FORMAT = Dynamic;

-- ----------------------------
-- Records of httpinfo
-- ----------------------------
INSERT INTO `httpinfo` VALUES (2, 10, 'POST /yonbip-hr-tmsign/attentance/encryptSignIn?clientV=2-7.5.0-1-1&token=f7a93b62-7cb4-4f40-b798-uspacemobile__5f5865dd74135b4f289c7b8f5ee2744b_1702903520998TGa8187b66TGdccore0yonbip-ec-base1778f55cYT HTTP/1.1\nHost: c1.yonyoucloud.com\nCookie: JSESSIONID=578F43BCBB280A04865B5E6BB1B3AA96; tenantid=qyic8c7o; yht_access_token=f7a93b62-7cb4-4f40-b798-uspacemobile__5f5865dd74135b4f289c7b8f5ee2744b_1702903520998TGa8187b66TGdccore0yonbip-ec-base1778f55cYT; HWWAFSESID=ffd99949fef4cabbff; HWWAFSESTIME=1704290120720\nencrypted_user_id: E8FA723FE485085B1FAA2B117896A964B891A5BA77E21D8DB2A00E9B8924923DF01FE3E9934BFBDB7BB68367EB505BE9\nUser-Agent: esn/7.5.0 (iPhone; iOS 16.6; Scale/2.00; iPhone XR)\nlanguage: 001\nn_f_f: true\nCache-Control: no-cache\norgId: \ntenantId: qyic8c7o\nyht_access_token: f7a93b62-7cb4-4f40-b798-uspacemobile__5f5865dd74135b4f289c7b8f5ee2744b_1702903520998TGa8187b66TGdccore0yonbip-ec-base1778f55cYT\na00: wZEWTbx0a_R4WNkF7s8Ufbl8NN9nVs9QlzVRbK4t0NdxeWljOGM3b2A0OTA5YGBmNTVhY2E2Ni00N2RlLTRhZDQtOGIzMC1hYjM4YzQwNzE4MTRgMWBgZTc4ZThiZTRiODg3YGBgMjYxMTAxODk3MzcyODc2OGBmYWxzZWBgMTcwMjkwMzUyMDkxMmB5bXNzZXM6MDU1NTMzMGJkMWM2YTczODQ5NTM0Y2FjNzk4YTQxNmFgZGl3b3JrYA\nlocale: zh_CN\nmultilingualFlag: true\nContent-Length: 929\nConnection: keep-alive\ndefaultOrg: \nAuthorization: Bearer f7a93b62-7cb4-4f40-b798-uspacemobile__5f5865dd74135b4f289c7b8f5ee2744b_1702903520998TGa8187b66TGdccore0yonbip-ec-base1778f55cYT_qyic8c7o\nAccept-Language: zh-Hans-CN;q=1\ntimezone: UTC+08:00\nnewArch: true\nContent-Type: application/x-www-form-urlencoded; charset=UTF-8\nAccept: */*\nlanguages: 1_3-2_1-3_1\nAccept-Encoding: gzip, deflate, br\n\nencryptedAttentance=E25B7EDD358B076F490EEE7D8A4517837F3A852C17C8F8397C6BC7640779D43CD4735339B1A21EC0DFBF1F7E8A4CF24ECC938982920172C7837E20818E01188B276FBA6A76B959D3946D0CFDFFD4AB5B6C38D063041090967C924F01F3981245317A4E343CBA05801ED40B7215137E99BED168E4360229BD4F5796834B315A089533E142A7B006366760ADB2ADA5775BA0D4F072437D8686CF5B40ABBB0F1B985B3A98BA22E7B03C23F7C8309435EB6CCB99E9CA7C4D8607C8FAEDA2AA44A2F4D440489EE188A4199CAEF62A5211737B523CF2DBA1DC9234E3EB73B6A606DFD92436F66E0B21E4A7C990F8B6461C01AC297B4EEC55D101E96E60D2463F4B17C9BD72EF61385E80B12C6C10729BC56FEDB7F09C5CF28C6CF249CB5B6F2634558CD65355C9852187D4AEE0ED387BD14CBE405B92F49BA7AFA7414EDF591EE83612D0BE6A9ECA5B127D419D3C2D46DAFE9E9D7223C36F736EE2EE0BF3D6354833AB4C80AED7204BAA120C28F2918E6AA1AF7E7E2234E00ECF0D25F3ACC80BC1B9B44467DEA5C36CE174F0A4B006396D4BB23D0DC26FAA0277513ABE3C5FE6BE19E520D1B63191E0C34A2F6AE091847CBFBE4B16ECA7336F710C89904C31B27F5765&language=zhs', '2024-02-19 20:30:57', 'wangwan@yonyou.com', '{\"code\":0,\"data\":{\"score\":0,\"signTime\":\"20:30\",\"state\":0,\"signDate\":\"02-19\",\"attendanceId\":\"1933988185687195649\"}}', 'N', '', '');
INSERT INTO `httpinfo` VALUES (4, 20, 'POST /yonbip-hr-tmsign/attentance/encryptSignIn?clientV=2-7.6.0-1-1&token=graybae1-f188-4a46-8e3f-uspacemobile__5f5865dd74135b4f289c7b8f5ee2744b_1699846435630dccore0yonbip-ec-basee41dc6d3YT HTTP/1.1\nHost: c1.yonyoucloud.com\nCookie: JSESSIONID=B035664C800FB194EDBACCE861D7F0DB; XSRF-TOKEN=HR_MIX_WRAP_COMMON_7MRW91DXNGC2G9OT24KOHMY6D!173840; HWWAFSESID=fe0ac130c6e396a6336; HWWAFSESTIME=1700731855955\nencrypted_user_id: 949BF02F0F8027F581869EB0AF8DD3420BA00E16CE45E2EE2E0A9403C6B3E27EAD36C872C885C743E02E337C7536B044\nUser-Agent: esn/7.6.0 (iPhone; iOS 17.1.1; Scale/3.00; iPhone 14)\nlanguage: 001\nn_f_f: true\nCache-Control: no-cache\norgId: \ntenantId: qyic8c7o\nyht_access_token: graybae1-f188-4a46-8e3f-uspacemobile__5f5865dd74135b4f289c7b8f5ee2744b_1699846435630dccore0yonbip-ec-basee41dc6d3YT\na00: c15WnC5dLp0Wx-_NcvTdjuOB2ACtDBTMpg9R4FVrBS1xeWljOGM3b2A0OTA5YGBhNjg0Yjg3OC1lNTAxLTQwZmYtYWZjZS05YTFlNzU2YjMzMzBgMWBgZTY5ZTk3ZTU4NThiZTY5NThmYGBgMjg3NjgwYGZhbHNlYGAxNjk5ODQ2NDM1NTUxYHltc3NlczoxNTAwZDU4NThiOTQ1MmIzZWU3MjZlYjEwZGUxYTU2Y2BkaXdvcmtg\nlocale: zh_CN\nmultilingualFlag: true\nContent-Length: 865\nConnection: keep-alive\ndefaultOrg: \nAuthorization: Bearer graybae1-f188-4a46-8e3f-uspacemobile__5f5865dd74135b4f289c7b8f5ee2744b_1699846435630dccore0yonbip-ec-basee41dc6d3YT_qyic8c7o\nAccept-Language: zh-Hans-CN;q=1\ntimezone: UTC+08:00\nnewArch: true\nContent-Type: application/x-www-form-urlencoded; charset=UTF-8\nAccept: */*\nlanguages: 1_3-2_1-3_1\nAccept-Encoding: gzip, deflate, br\n\nencryptedAttentance=E25B7EDD358B076F490EEE7D8A4517837F3A852C17C8F8397C6BC7640779D43C6C8551D8C7951B760CAD5434811462A260F4451B475B22DC49FCEF1899A36F47276FBA6A76B959D3946D0CFDFFD4AB5B088C88F8803DBB3957286D2AD913D0209073141C657C117EDBD5CFFA02F29C5428ACF64A89CDB54334580BA59B177584434B58FB6FF31C0379D113BDBF963A284A0084CD4D26CB9C79DA3B608DC93A96264AC469751FA233C5FFC3B7C6AAF12A34332FACB38528B84FCCD42980240404EA7DAD8C54F875A34A13815F6BE1C2EDD62BAAA3A42A39128F8D24363DC6786890258ED52CC7C620FC7AA4B13ED59DDDA7CE1B3931F48B3799DD622994BB54B3420EBA0664CA285C0635BABBEF04F79C71AF9820456E1DD8D063A2183B77786433E3EA882C2569549C4674D50F5153CD61402A0E048619567AF9B0EE67AF2426A5BD71BE6B5305E38CC8C7ED78E1EE67530AD3F5B058A77CF334317EBB412B6B85285B4C5CA8AD1EB64380E53632440A94F8432E88AA1F1EDBA0D383312DBDDABBC6C9F6301A7D394192544B846569F48CBFBD97CE07A763289D0E590C47510D&language=zhs', '2024-03-04 08:02:49', 'linkm@yonyou.com', '{\"code\":0,\"data\":{\"score\":0,\"signTime\":\"08:02\",\"state\":0,\"signDate\":\"03-04\",\"attendanceId\":\"1943993028527521802\"}}', 'Y', 'gray3792-e694-45fb-90b3-uspacemobile__5f5865dd74135b4f289c7b8f5ee2744b_1708217992562TGa8187b66TGdccore0yonbip-ec-basee41dc6d3YT', '4ooYiEv9usoSwQsLjJsj_4jkS6sx15miDZ7qOXLplmhxeWljOGM3b2A0OTA5YGBhNjg0Yjg3OC1lNTAxLTQwZmYtYWZjZS05YTFlNzU2YjMzMzBgMWBgZTY5ZTk3ZTU4NThiZTY5NThmYGBgMjg3NjgwYGZhbHNlYGAxNzA4MjE3OTkyNDUxYHltc3NlczoxMDNmODMyMTU3Yzk4MTc1ODY0ZGJlMGZmMDkzNTdjOGBkaXdvcmtg');
INSERT INTO `httpinfo` VALUES (5, 9, 'POST https://c1.yonyoucloud.com/yonbip-hr-tmsign/attentance/encryptSignIn?clientV=1-7.6.7-1-1 HTTP/1.1\r\nyht_access_token: gray7b29-3805-49a3-88d1-uspacemobile__5f5865dd74135b4f289c7b8f5ee2744b_1698368545278dccore0yonbip-ec-base3be60840YT\r\nencrypted_user_id: 55EB1CD81D31155607E8001DFCF6F6E792050245FAD444360EC1D9C9392081156D94DEAB520D5F05C4E6CC1C4D66450B\r\nUser-Agent: esn_enterprise_develop/7.6.7 (Android; Xiaomi; M2102K1C; 13)\r\ntenantId: qyic8c7o\r\na00: c9QaHdCW4Tan-Odl8ejSeUceUih1jUAZ9tN5IW40v-5xeWljOGM3b2A0OTA5YGA3ZDMwMjQ4Ny01OWJiLTQ5YmQtYjU1OC1kMzcxOTRjY2FlNTVgMWBgZTZhMjgxZTY5OTkzZTZhY2EzYGBgMTgxNzE1OTU4ODUzMjQ4MGBmYWxzZWBgMTY5ODM2ODU0NDgxM2B5bXNzZXM6NmVlYzgxOWEzZDc3MDc0YmFmZWRkOTdkNjUxZTc5NDFgZGl3b3JrYA\r\nlocale: zh_CN\r\ntimezone: UTC+08:00\r\nlanguage: 001\r\nlanguages: 1_3-2_1-3_1\r\nmultilingualFlag: true\r\norgId: \r\ndefaultOrg: \r\nnewArch: true\r\nn_f_f: true\r\nContent-Type: application/x-www-form-urlencoded\r\nContent-Length: 954\r\nHost: c1.yonyoucloud.com\r\nConnection: Keep-Alive\r\nAccept-Encoding: gzip\r\n\r\naccess_token=d19ceb9a4302c3d02129e058461ce18250ba2a25&agent_id=uspace&appType=1&ek=639a6a3811c86ecbf037e00ab4b42fae&encryptedAttentance=E8409CC2F63668FF3224A8559122B860C5D5567B39DFF1F120950ED1847E3C8A4A0084CD4D26CB9C79DA3B608DC93A961DE81CF739604AE6E98C1394D27F959E9585A75FA5D5653B9CF6104F27F2B23FA11B215AFAB0787BAB0D978AE01E851E3179FB47DA26E5F9AE6E8BD583269C932580635F06626D0520B1E34744F2A7EBF03C98F4180B1E96DBB9009895538D7AC2D22254166CAB9238C9DBC0DBE26263D591FEF0B7E418D69F0DB366872E118EB7E8A415DFDFC574E59A229B30343C200AF33838D9BFEC00C69F1B14DF33D14CA8F4AC3134C9286AC167B3EC65CE01418396E9F0CA0D0E75E4286FBD8BC8BC583CF5CB5301CFA68E212E5390B739CDAAAC6E1070724A92D069491FA428881EF14A8433A46E33578F116508AF0F4BBDCBE57F1540D0069B1A2F4446787719ABB7314C8FDF53BDA46DF10E6983E1BC01CF6D4CD9F7E429EDA35B04FCE249407C89ADE1BE66203088992B94AC7F3EC3DCE3927FD67F25E4FB45F52C1F8E27EEADD3&et=1700821529&language=zhs&qz_id=5417&uspace_product_line=app&vercode=1-7.6.7-1-1', '2024-03-04 08:07:56', 'liangxxb@yonyou.com', '{\"code\":0,\"data\":{\"score\":0,\"signTime\":\"08:07\",\"state\":0,\"signDate\":\"03-04\",\"attendanceId\":\"1943995631285043206\"}}', 'Y', '1b580370-f3b0-4344-bcee-uspacemobile__5f5865dd74135b4f289c7b8f5ee2744b_1703209063891TGa8187b66TGdccore0yonbip-ec-base3be60840YT', 'UYbAPqUdE5sEyZexQDpX08Q8X3vmHeqXCT7BCpnxYUFxeWljOGM3b2A0OTA5YGA3ZDMwMjQ4Ny01OWJiLTQ5YmQtYjU1OC1kMzcxOTRjY2FlNTVgMWBgZTZhMjgxZTY5OTkzZTZhY2EzYGBgMTgxNzE1OTU4ODUzMjQ4MGBmYWxzZWBgMTcwMzIwOTA2Mzc2NGB5bXNzZXM6YmExOTdjZTIyNTMzNTc1MGQyNzU3YjQ4NDUyYzM3NTRgZGl3b3JrYA');
INSERT INTO `httpinfo` VALUES (6, 6, 'POST /yonbip-hr-tmsign/attentance/encryptSignIn?clientV=2-7.6.5-1-1&token=ea7cf3a5-9232-463e-b6f0-uspacemobile__5f5865dd74135b4f289c7b8f5ee2744b_1698369538412dccore0yonbip-ec-base30ffa74bYT HTTP/1.1\nHost: c1.yonyoucloud.com\nCookie: JSESSIONID=E6A91BF46994785E6CBB75F2CD462341; HWWAFSESID=06ae382fa3d9bf9804; HWWAFSESTIME=1701060844951; tenantid=qyic8c7o; yht_access_token=ea7cf3a5-9232-463e-b6f0-uspacemobile__5f5865dd74135b4f289c7b8f5ee2744b_1698369538412dccore0yonbip-ec-base30ffa74bYT\nencrypted_user_id: E59A169FB118DFBC5413B698CD2AF2290A41D26967D43954CE039DB76801BE182F0FF5A90B40CDE6FACA85F31B5A6C52\nUser-Agent: esn/7.6.5 (iPhone; iOS 17.1.1; Scale/3.00; iPhone 13 Pro)\nlanguage: 001\nn_f_f: true\nCache-Control: no-cache\norgId: \ntenantId: qyic8c7o\nyht_access_token: ea7cf3a5-9232-463e-b6f0-uspacemobile__5f5865dd74135b4f289c7b8f5ee2744b_1698369538412dccore0yonbip-ec-base30ffa74bYT\na00: 30jtwhgVXGgyJ2Us02YiE13v5rw0KbeH6UQg1JHT10RxeWljOGM3b2A0OTA5YGA3YzM2YTFkNC1mZmYzLTQ5MjYtOGJhOC0yMzAyODliMWM5YjlgMWBgZTZhMjgxZTlhMzllZTlhMzllYGBgMjgyOTQwYGZhbHNlYGAxNjk4MzY5NTM4MTg1YHltc3NlczpiNmRhOTkxNjM4NDFlM2E5MzJlODhjNzlhMjcxYTVhOGBkaXdvcmtg\nlocale: zh_CN\nmultilingualFlag: true\nContent-Length: 865\nConnection: keep-alive\ndefaultOrg: \nAuthorization: Bearer ea7cf3a5-9232-463e-b6f0-uspacemobile__5f5865dd74135b4f289c7b8f5ee2744b_1698369538412dccore0yonbip-ec-base30ffa74bYT_qyic8c7o\nAccept-Language: zh-Hans-CN;q=1\ntimezone: UTC+08:00\nnewArch: true\nContent-Type: application/x-www-form-urlencoded; charset=UTF-8\nAccept: */*\nlanguages: 1_3-2_1-3_1\nAccept-Encoding: gzip, deflate, br\n\nencryptedAttentance=E25B7EDD358B076F490EEE7D8A4517837F3A852C17C8F8397C6BC7640779D43C58DB6EFFE140F9138CA897A137CBA9A7094A81E6D27775A8B3047B655F3543E6276FBA6A76B959D3946D0CFDFFD4AB5B9609CDA34BE6CC49B14071BAC63AE875B732CD2DC70F0F029FD4387F728D75E628ACF64A89CDB54334580BA59B177584434B58FB6FF31C0379D113BDBF963A284A0084CD4D26CB9C79DA3B608DC93A96F18FC44C2C52BB43B12C07DAECF1954D34332FACB38528B84FCCD42980240404EA7DAD8C54F875A34A13815F6BE1C2EDD62BAAA3A42A39128F8D24363DC67868E7D954BB371D884ED55E26929D72D58A39D7F9C835D0D4DB5E02B8F97E61CB1FFA3B7F454C64A5C4C08089C7710EFE86997E73EC633AABA31C6C1CB238F4B0BB6CFD27472B11878719F0E9BFD533DEC3DA1E3AB9E6B7EE396E0E0DFA9BEEE8F88A879988360A00D9FE3F42421AFF8DED11489CF3686FDA331F9AE9ADE212FD94107536A7008757B232A524DC6FE9AA6ACB39C21977C3B4DA1CDB057D8CB71ACF8F1449E777AECB5C305F86C6EE518ABAE14174E5618E315E90F3BCC289DE6206&language=zhs', '2024-03-04 08:17:49', 'liangff5@yonyou.com', '{\"code\":0,\"data\":{\"score\":0,\"signTime\":\"08:17\",\"state\":0,\"signDate\":\"03-04\",\"attendanceId\":\"1944000725109964807\"}}', 'Y', '9f80786a-4d96-4394-ba4d-uspacemobile__5f5865dd74135b4f289c7b8f5ee2744b_1705974702192TGa8187b66TGdccore0yonbip-ec-base30ffa74bYT', 'vRlXnQZ6UY-eaMLXncA5ksOjNk_B27IrbovpJsLYhrZxeWljOGM3b2A0OTA5YGA3YzM2YTFkNC1mZmYzLTQ5MjYtOGJhOC0yMzAyODliMWM5YjlgMWBgZTZhMjgxZTlhMzllZTlhMzllYGBgMjgyOTQwYGZhbHNlYGAxNzA1ODkxMzQwODg3YHltc3Nlczo1NWU4OWZlZjA0MDE5YTkxYzY1MzA5Y2M1YzFjNDc3YmBkaXdvcmtg');
INSERT INTO `httpinfo` VALUES (7, 4, 'POST https://c1.yonyoucloud.com/yonbip-hr-tmsign/attentance/encryptSignIn?clientV=1-7.6.7-1-1 HTTP/1.1\r\nyht_access_token: gray7cf4-3f6a-469d-bbe3-uspacemobile__5f5865dd74135b4f289c7b8f5ee2744b_1698320672335dccore0yonbip-ec-base5e6e23faYT\r\nencrypted_user_id: 7D02DBF674F65E995982652A408077FEF92C5D8383927919DB1A5860308D1D4F3B8BD47894D94075F74B8CCE681C959F\r\nUser-Agent: esn_enterprise_develop/7.6.7 (Android; OnePlus; PJA110; 13)\r\ntenantId: qyic8c7o\r\na00: E4tNp_n-5zMIfcGnA6WVxsZIdvaIbgsIXlNxRFCsG61xeWljOGM3b2A0OTA5YGBhYTJmYzIwNy1kNWI5LTQwZWQtYjU2OC0zMTc2MzQ5ZjBkMjVgMWBgZTY5Y2IxZTRiYTlhZTY5Njg3YGBgMTgwOTc1MTI1NjU2ODA2NGBmYWxzZWBgMTY5ODMyMDY3MjI0NmB5bXNzZXM6ZmIzOTI1OWNkMWFkOWY1ZWYxN2JhZDljNzg5YjU4MDRgZGl3b3JrYA\r\nlocale: zh_CN\r\ntimezone: UTC+08:00\r\nlanguage: 001\r\nlanguages: 1_3-2_1-3_1\r\nmultilingualFlag: true\r\norgId: \r\ndefaultOrg: \r\nnewArch: true\r\nn_f_f: true\r\nContent-Type: application/x-www-form-urlencoded\r\nContent-Length: 1082\r\nHost: c1.yonyoucloud.com\r\nConnection: Keep-Alive\r\nAccept-Encoding: gzip\r\n\r\naccess_token=364a45c943aab0146cca2470cc07fc605bb65fc8&agent_id=uspace&appType=1&ek=e69011c1507b95a07dded7865b22cecf&encryptedAttentance=E8409CC2F63668FF3224A8559122B86015FEE1029BBF24DA128ACB27998EF8194A0084CD4D26CB9C79DA3B608DC93A96A31143B0439D22734D3F20EC630EC18BDABA65BE1C9D593E23C412B656572353A0FB3997404E887419F0BC157F6D5AD9517C3EC02A87FFFB6D6B4CFB0A0CE0623D441EEBE3322313A295E1FF18C3B4F497D291C7B78A8C5FA09CDB796007AFBEDC689E9F7AC669751D833368A2C3E39CC98FD32B4D955CA64A5D07DBC5CA5A4E2580635F06626D0520B1E34744F2A7EBF03C98F4180B1E96DBB9009895538D7AC2D22254166CAB9238C9DBC0DBE26263D591FEF0B7E418D69F0DB366872E118EB7E8A415DFDFC574E59A229B30343C200AF33838D9BFEC00C69F1B14DF33D14CA8F4AC3134C9286AC167B3EC65CE0141FCC76E43113DB93BB42765F4F073BA9C094901F6F9D11AA82AA975C17CE4FC6EA6CCE42DCE22FE1D33A50FB61D81025F4A8433A46E33578F116508AF0F4BBDCBA23D6BB339277BCF909F00E1BA85C4AC538A3F66B48EE4FA1062B23D69E0E3957972437C698BA09B6818B2B36C9CB142091F025971BC0AF7A5A5F3D81B02ED0A8973D59BEA39D9CAA43114F269BD0ADD&et=1700821294&language=zhs&qz_id=5417&uspace_product_line=app&vercode=1-7.6.7-1-1', '2024-03-04 08:03:21', 'zhuywb@yonyou.com', '{\"code\":0,\"data\":{\"score\":0,\"signTime\":\"08:03\",\"state\":0,\"signDate\":\"03-04\",\"attendanceId\":\"1943993269045690376\"}}', 'Y', 'grayc4eb-1a56-4878-809b-uspacemobile__5f5865dd74135b4f289c7b8f5ee2744b_1702902504327TGa8187b66TGdccore0yonbip-ec-base5e6e23faYT', 'Em9B8tEo4Io6B5ZOmwknb9ayccIrh1ZXt50NFfGPg6hxeWljOGM3b2A0OTA5YGBhYTJmYzIwNy1kNWI5LTQwZWQtYjU2OC0zMTc2MzQ5ZjBkMjVgMWBgZTY5Y2IxZTRiYTlhZTY5Njg3YGBgMTgwOTc1MTI1NjU2ODA2NGBmYWxzZWBgMTcwMjkwMjUwNDE5NGB5bXNzZXM6NTZjNDdhZDQ0ZTQ0YjI1NmYyNmUwNzVkOTA1ZTMyY2ZgZGl3b3JrYA');
INSERT INTO `httpinfo` VALUES (11, 18, 'POST /yonbip-hr-tmsign/attentance/encryptSignIn?clientV=2-7.6.11-1-1&token=grayaa77-58f4-4008-b2e9-uspacemobile__5f5865dd74135b4f289c7b8f5ee2744b_1698366800893dccore0yonbip-ec-basee61b6265YT HTTP/1.1\nHost: c1.yonyoucloud.com\nCookie: tenantid=qyic8c7o; HWWAFSESID=0fc872329d9436bd566; HWWAFSESTIME=1709166132318\nencrypted_user_id: 3B3E9BDF5C68070B51D91AC78EBBE0859CD22CCA2A73A656497B2948464B83A8E0A88F9788FC6863D50180F48A3509AB\nUser-Agent: esn/7.6.11 (iPhone; iOS 17.3.1; Scale/3.00; iPhone 12 Pro Max)\nlanguage: 001\nn_f_f: true\nCache-Control: no-cache\norgId: \ntenantId: qyic8c7o\nyht_access_token: grayaa77-58f4-4008-b2e9-uspacemobile__5f5865dd74135b4f289c7b8f5ee2744b_1698366800893dccore0yonbip-ec-basee61b6265YT\na00: VXw5XpxHKI5NRteazafrINs1gEGCvxypNvTgcVthcCtxeWljOGM3b2A0OTA5YGBjMmRiMTViZS0wZDgyLTQ2YzAtOGNiZC02ZDMzN2E0YzYxNDhgMWBgZTk5OTg4ZTZiNWE5ZTViODg2YGBgMjM0NjY0MTAzNDE1NDI0MWBmYWxzZWBgMTY5ODM2NjgwMDgxMWB5bXNzZXM6YTEzZjQwZjJmMTUxZjA0ZGRlOTFhZmQ4MjVjOWI0M2FgZGl3b3JrYA\nlocale: zh_CN\nmultilingualFlag: true\nContent-Length: 1025\nConnection: keep-alive\ndefaultOrg: \nAuthorization: Bearer grayaa77-58f4-4008-b2e9-uspacemobile__5f5865dd74135b4f289c7b8f5ee2744b_1698366800893dccore0yonbip-ec-basee61b6265YT_qyic8c7o\nAccept-Language: zh-Hans-CN;q=1\ntimezone: UTC+08:00\nnewArch: true\nContent-Type: application/x-www-form-urlencoded; charset=UTF-8\nAccept: */*\nlanguages: 1_3-2_1-3_1\nAccept-Encoding: gzip, deflate, br\n\nencryptedAttentance=E25B7EDD358B076F490EEE7D8A4517837F3A852C17C8F8397C6BC7640779D43C380C63E083725E9E83C0C74044001A7F85FF3B7689941410AFAA197A4B49C147276FBA6A76B959D3946D0CFDFFD4AB5B05FA1131A5E86C64A3D81DD9E5156FC9CCC0F53B72C1FBBB3306467C4FC7676828ACF64A89CDB54334580BA59B177584434B58FB6FF31C0379D113BDBF963A284A0084CD4D26CB9C79DA3B608DC93A96223A74AABF21DDA16BE7DC0C30256C0B34332FACB38528B84FCCD42980240404EA7DAD8C54F875A34A13815F6BE1C2EDD62BAAA3A42A39128F8D24363DC678681390137F7769ED9B21B0FB59DB797FF51C9A696ADB13E69939FC998BE217205A50EC55C7105983E9234C8C947FC94BCED09CE13C051645E8C93DE503E5AD62A1190C9CE405D4E37D483F99B5CBD13DA269B65DBE9E3E1362F1864CD49CA208EEFA3B7F454C64A5C4C08089C7710EFE86F7FC15AE2B167367A93623ABC6DB889C1D229F180CA9B7654584922C6D36F948D0BE6A9ECA5B127D419D3C2D46DAFE9E3FF2D8B49B7C898AB7D2168267557AB246FF7A98910230753738A9E4CC5023D9CEC08274B2C28DBC1CB18DB8FA0993F34467DEA5C36CE174F0A4B006396D4BB23D0DC26FAA0277513ABE3C5FE6BE19E520D1B63191E0C34A2F6AE091847CBFBE4B16ECA7336F710C89904C31B27F5765&language=zhs', '2024-03-04 08:14:14', 'chenhfd@yonyou.com', '{\"code\":0,\"data\":{\"score\":0,\"signTime\":\"08:14\",\"state\":0,\"signDate\":\"03-04\",\"attendanceId\":\"1943998878280318978\"}}', 'Y', '', '');
INSERT INTO `httpinfo` VALUES (15, 21, 'POST /yonbip-hr-tmsign/attentance/encryptSignIn?clientV=2-7.5.0-1-1&token=f27759d0-a9f4-44b2-894a-uspacemobile__5f5865dd74135b4f289c7b8f5ee2744b_1701173539425dccore0yonbip-ec-base1778f55cYT HTTP/1.1\nHost: c1.yonyoucloud.com\nCookie: JSESSIONID=FDD6BA30607CE0B1975FFF594F283E1A; tenantid=qyic8c7o; yht_access_token=f27759d0-a9f4-44b2-894a-uspacemobile__5f5865dd74135b4f289c7b8f5ee2744b_1701173539425dccore0yonbip-ec-base1778f55cYT; HWWAFSESID=74a22be9fce68adfbc; HWWAFSESTIME=1701265875620\nencrypted_user_id: E8FA723FE485085B1FAA2B117896A964B891A5BA77E21D8DB2A00E9B8924923DF01FE3E9934BFBDB7BB68367EB505BE9\nUser-Agent: esn/7.5.0 (iPhone; iOS 16.6; Scale/2.00; iPhone XR)\nlanguage: 001\nn_f_f: true\nCache-Control: no-cache\norgId: \ntenantId: qyic8c7o\nyht_access_token: f27759d0-a9f4-44b2-894a-uspacemobile__5f5865dd74135b4f289c7b8f5ee2744b_1701173539425dccore0yonbip-ec-base1778f55cYT\na00: YnixoiU9qeehADoFcmg4klojh6lli1xdBywWHJdUPqpxeWljOGM3b2A0OTA5YGBmNTVhY2E2Ni00N2RlLTRhZDQtOGIzMC1hYjM4YzQwNzE4MTRgMWBgZTc4ZThiZTRiODg3YGBgMjYxMTAxODk3MzcyODc2OGBmYWxzZWBgMTcwMTE3MzUzOTI5M2B5bXNzZXM6M2Q2ZjcyZmExOGM4NmZjZTY1YzNkMTFlZjUxMWUwYzhgZGl3b3JrYA\nlocale: zh_CN\nmultilingualFlag: true\nContent-Length: 897\nConnection: keep-alive\ndefaultOrg: \nAuthorization: Bearer f27759d0-a9f4-44b2-894a-uspacemobile__5f5865dd74135b4f289c7b8f5ee2744b_1701173539425dccore0yonbip-ec-base1778f55cYT_qyic8c7o\nAccept-Language: zh-Hans-CN;q=1\ntimezone: UTC+08:00\nnewArch: true\nContent-Type: application/x-www-form-urlencoded; charset=UTF-8\nAccept: */*\nlanguages: 1_3-2_1-3_1\nAccept-Encoding: gzip, deflate, br\n\nencryptedAttentance=E25B7EDD358B076F490EEE7D8A45178338362538D8535BD1AD753FC05C03776858DB6EFFE140F9138CA897A137CBA9A798A0FE1C3D11099E934C58601545C884276FBA6A76B959D3946D0CFDFFD4AB5BD6CA00F74FA8FAD656739850C9FB33D78CB4D29F99F5BAFBDCE6AD28CBF9E8803E4105872B17FE58B8DFB0ED49B46A440A82A986B983FF69D1DE51D3D3CC70EDDD25A2C0A5B2D11567607449016F39E0D13B93D3937A7D56DF1CCB4B7FB57C6B9968D7AFE38EDE460B5A0FB4C7AFA74E8EF1BAC2C532B3B42BDBA8C993B4092BC1A273702EBB070240FFA5AEFCEE13513E88F41D5007AEC6A47D8777733E2D85EB7BDA32C4846A506769CE34A20468310DFFC5B7C84FC6A7E80532DB5F70D48890DC68629B5B15A63E5F40A7A141472B3BDED10E2E0D4932F225BC5F067DA61718A567DA795123B51F3F7B18D4210A92EBB52FB7CBD72AB7E7C064549DEBA81EC26C981858A109261064126B11B52D610D63E723ECF24EDD589C483E6C232569BFC896ED3DAACB1B53867CCE6640778149812D4A05D79CAD7BF169BFA45CC0D9257D063873DD537CE7FF0FE8A3FC63E40698025D5CA6538976F3142F25B07A21&language=zhs', '2024-02-29 08:40:39', 'wangwan@yonyou.com', '{\"code\":0,\"data\":{\"score\":0,\"signTime\":\"08:40\",\"state\":0,\"signDate\":\"02-29\",\"attendanceId\":\"1941043803324416008\"}}', 'N', 'f7a93b62-7cb4-4f40-b798-uspacemobile__5f5865dd74135b4f289c7b8f5ee2744b_1702903520998TGa8187b66TGdccore0yonbip-ec-base1778f55cYT', 'wZEWTbx0a_R4WNkF7s8Ufbl8NN9nVs9QlzVRbK4t0NdxeWljOGM3b2A0OTA5YGBmNTVhY2E2Ni00N2RlLTRhZDQtOGIzMC1hYjM4YzQwNzE4MTRgMWBgZTc4ZThiZTRiODg3YGBgMjYxMTAxODk3MzcyODc2OGBmYWxzZWBgMTcwMjkwMzUyMDkxMmB5bXNzZXM6MDU1NTMzMGJkMWM2YTczODQ5NTM0Y2FjNzk4YTQxNmFgZGl3b3JrYA');
INSERT INTO `httpinfo` VALUES (17, 16, 'POST /yonbip-hr-tmsign/attentance/encryptSignIn?clientV=1-7.6.7-1-1&qz_id=5417&uspace_product_line=app&vercode=1-7.6.7-1-1&access_token=d91dac702bc4ee35475ce12ef81c8bf5c767b6b5&agent_id=uspace&appType=1&ek=ecd3a936b6c385bddae774fbcbbf56a7 HTTP/1.1\r\nHost: c1.yonyoucloud.com\r\nyht_access_token: 74a4cee4-91dc-41ec-945f-uspacemobile__5f5865dd74135b4f289c7b8f5ee2744b_1698366118138dccore0yonbip-ec-base22416065YT\r\na00: 4DBi3teiYbXYySGxXlWJuRj7o7O0oYXPlsR_hs8sV6BxeWljOGM3b2A0OTA5YGBmOGM3NDA5OS01NTIzLTRlZGMtYTM0Yi1kMzU4NGYyMDFkYjhgMWBgZTZiMWFhZThiNjhhYGBgMjY2MTk3MDMwMDkyOTUzNmBmYWxzZWBgMTY5ODM2NjExODAyNGB5bXNzZXM6NWU1NDA1ZDYyODQ0YzFjYTI4ZmMzMjAxYTUyYjRhZGJgZGl3b3JrYA\r\n\r\nencryptedAttentance=E8409CC2F63668FF3224A8559122B860CF606B1C97D4CB78BA3C6EC62C52B7044A0084CD4D26CB9C79DA3B608DC93A96E614085D01844231888FE14F0714E21D9585A75FA5D5653B9CF6104F27F2B23FA11B215AFAB0787BAB0D978AE01E851E3179FB47DA26E5F9AE6E8BD583269C932580635F06626D0520B1E34744F2A7EBF03C98F4180B1E96DBB9009895538D7AC2D22254166CAB9238C9DBC0DBE26263D591FEF0B7E418D69F0DB366872E118EB7E8A415DFDFC574E59A229B30343C200AF33838D9BFEC00C69F1B14DF33D14C10FB697ACC999508323A6EABFDA21EFB250067CF2807CC52B6E110A9432B858040D55A3EE93447C848DD362A9B1347A2FEB0FC4C8925ECD5D74DF53440B2AB8F4A8433A46E33578F116508AF0F4BBDCBE57F1540D0069B1A2F4446787719ABB7314C8FDF53BDA46DF10E6983E1BC01CF6D4CD9F7E429EDA35B04FCE249407C89ADE1BE66203088992B94AC7F3EC3DCE3927FD67F25E4FB45F52C1F8E27EEADD3&et=1701158688&language=zhs\r\n', '2024-03-01 19:15:19', 'wangyueu@yonyou.com', '{\"code\":0,\"data\":{\"score\":0,\"signTime\":\"19:15\",\"state\":0,\"signDate\":\"03-01\",\"attendanceId\":\"1942113078382428164\"}}', 'N', '0500db1c-9c63-4e03-b4b1-uspacemobile__5f5865dd74135b4f289c7b8f5ee2744b_1701216314508dccore0yonbip-ec-base22416065YT', 'zYIEddMhH-UNNH3Rc3MikzXfaBkStTMk_GcVl_bpgY9xeWljOGM3b2A0OTA5YGBmOGM3NDA5OS01NTIzLTRlZGMtYTM0Yi1kMzU4NGYyMDFkYjhgMWBgZTZiMWFhZThiNjhhYGBgMjY2MTk3MDMwMDkyOTUzNmBmYWxzZWBgMTcwMTIxNjMwNzQxNWB5bXNzZXM6NWRjNjU4YTdhNGE2MzJjMTA5MGRmZTQ3MTRhMmI2YTRgZGl3b3JrYA');
INSERT INTO `httpinfo` VALUES (24, 22, 'POST /yonbip-hr-tmsign/attentance/encryptSignIn?clientV=2-7.6.11-1-1&token=grayc117-f8ab-4cf7-a233-uspacemobile__5f5865dd74135b4f289c7b8f5ee2744b_1699379007328dccore0yonbip-ec-base043301fdYT HTTP/1.1\nHost: c1.yonyoucloud.com\nCookie: tenantid=qyic8c7o; HWWAFSESID=c65d2a31d6eb132025; HWWAFSESTIME=1709288011278\nencrypted_user_id: C7C2239A6BC2CCD94727D6F573BFEF395CD7EA3D3FB08DFF9D391C578F54819D5D6B8048D2BDA0E4E2FFB23280A03736\nUser-Agent: esn/7.6.11 (iPhone; iOS 17.1.2; Scale/3.00; iPhone 15 Pro Max)\nlanguage: 001\nn_f_f: true\nCache-Control: no-cache\norgId: \ntenantId: qyic8c7o\nyht_access_token: grayc117-f8ab-4cf7-a233-uspacemobile__5f5865dd74135b4f289c7b8f5ee2744b_1699379007328dccore0yonbip-ec-base043301fdYT\na00: HDcXYcYmluCBVh-ODKNjOh0leefBs0RN_MyOHXBnZSVxeWljOGM3b2A0OTA5YGA0MGQ5NDFhOC1kNjM2LTRiMzQtYjVjMC1iY2FmODY3NmQ1NDVgMWBgZTViYjk2ZTRiZjhhZTk5NDhiYGBgMTg1NTQ2MzA0NTA5MTU4N2BmYWxzZWBgMTY5OTM3OTAwNzE1OWB5bXNzZXM6ODRhZGJiODc1NzE4MWYyYjAxNjg4MjNiZmQ0YjIzNzVgZGl3b3JrYA\nlocale: zh_CN\nmultilingualFlag: true\nContent-Length: 865\nConnection: keep-alive\ndefaultOrg: \nAuthorization: Bearer grayc117-f8ab-4cf7-a233-uspacemobile__5f5865dd74135b4f289c7b8f5ee2744b_1699379007328dccore0yonbip-ec-base043301fdYT_qyic8c7o\nAccept-Language: zh-Hans-CN;q=1, en-CN;q=0.9\ntimezone: UTC+08:00\nnewArch: true\nContent-Type: application/x-www-form-urlencoded; charset=UTF-8\nAccept: */*\nlanguages: 1_3-2_1-3_1\nAccept-Encoding: gzip, deflate, br\n\nencryptedAttentance=E25B7EDD358B076F490EEE7D8A4517837F3A852C17C8F8397C6BC7640779D43C380C63E083725E9E83C0C74044001A7F25B11FA1382CC808337A69180BCAE59D276FBA6A76B959D3946D0CFDFFD4AB5BC619E9604A9041B423707DFC9321CEDCFE30A2112D9912F1D6085DE23C7BFF8428ACF64A89CDB54334580BA59B177584434B58FB6FF31C0379D113BDBF963A284A0084CD4D26CB9C79DA3B608DC93A968CDF2D8A7CDBB9DC836B61185D87754334332FACB38528B84FCCD42980240404EA7DAD8C54F875A34A13815F6BE1C2EDD62BAAA3A42A39128F8D24363DC67868C5FC454E353F626ADFB733DF49EA80271C9A696ADB13E69939FC998BE217205AD81C455FCB11697E95BF7D3CF2C69751568163B30AAAAC7D2CBE16A621AB1CAF18A567DA795123B51F3F7B18D4210A92EBB52FB7CBD72AB7E7C064549DEBA81EC5D24DBC8AC7F4C470BDE18C7ACE272F065113795B09894F93E8CBAAC5D529C1E5CE26B8755D841FE4EB27518E4DFF1A49812D4A05D79CAD7BF169BFA45CC0D9257D063873DD537CE7FF0FE8A3FC63E40698025D5CA6538976F3142F25B07A21&language=zhs', '2024-03-04 08:03:35', 'liaojf@yonyou.com', '{\"code\":0,\"data\":{\"score\":0,\"signTime\":\"08:03\",\"state\":0,\"signDate\":\"03-04\",\"attendanceId\":\"1943993389305823239\"}}', 'Y', NULL, NULL);

-- ----------------------------
-- Table structure for order
-- ----------------------------
DROP TABLE IF EXISTS `order`;
CREATE TABLE `order`  (
  `id` int(11) NOT NULL AUTO_INCREMENT,
  `user_id` int(11) NULL DEFAULT NULL,
  `total_amount` varchar(255) CHARACTER SET utf8mb4 COLLATE utf8mb4_general_ci NULL DEFAULT NULL,
  `ts` timestamp(0) NULL DEFAULT CURRENT_TIMESTAMP(0),
  `pickup_time` varchar(255) CHARACTER SET utf8mb4 COLLATE utf8mb4_general_ci NULL DEFAULT NULL,
  PRIMARY KEY (`id`) USING BTREE
) ENGINE = InnoDB AUTO_INCREMENT = 605 CHARACTER SET = utf8mb4 COLLATE = utf8mb4_general_ci ROW_FORMAT = DYNAMIC;

-- ----------------------------
-- Records of order
-- ----------------------------
INSERT INTO `order` VALUES (21, 2, '8.00', '2022-05-23 02:16:36', NULL);
INSERT INTO `order` VALUES (22, 13, '7.00', '2022-05-23 02:16:37', NULL);
INSERT INTO `order` VALUES (23, 3, '11.00', '2022-05-23 02:17:36', NULL);
INSERT INTO `order` VALUES (24, 6, '8.00', '2022-05-23 02:17:41', NULL);
INSERT INTO `order` VALUES (25, 9, '3.00', '2022-05-23 02:25:35', NULL);
INSERT INTO `order` VALUES (26, 1, '9.00', '2022-05-23 02:46:21', NULL);
INSERT INTO `order` VALUES (27, 4, '5.00', '2022-05-23 03:44:01', NULL);
INSERT INTO `order` VALUES (28, 7, '9.00', '2022-05-23 06:28:14', NULL);
INSERT INTO `order` VALUES (29, 8, '14.00', '2022-05-23 06:57:23', NULL);
INSERT INTO `order` VALUES (30, 10, '6.00', '2022-05-24 02:49:32', NULL);
INSERT INTO `order` VALUES (31, 6, '7.00', '2022-05-24 03:13:14', NULL);
INSERT INTO `order` VALUES (32, 12, '9.00', '2022-05-24 05:35:22', NULL);
INSERT INTO `order` VALUES (33, 2, '9.00', '2022-05-24 05:37:52', NULL);
INSERT INTO `order` VALUES (34, 1, '6.00', '2022-05-24 05:39:42', NULL);
INSERT INTO `order` VALUES (35, 13, '7.00', '2022-05-24 05:43:31', NULL);
INSERT INTO `order` VALUES (36, 7, '7.00', '2022-05-24 05:54:51', NULL);
INSERT INTO `order` VALUES (37, 14, '7.00', '2022-05-24 05:55:40', NULL);
INSERT INTO `order` VALUES (38, 3, '2.00', '2022-05-24 06:10:17', NULL);
INSERT INTO `order` VALUES (39, 8, '11.00', '2022-05-24 09:15:20', NULL);
INSERT INTO `order` VALUES (40, 6, '9.00', '2022-05-25 02:48:25', NULL);
INSERT INTO `order` VALUES (41, 3, '10.00', '2022-05-25 02:48:46', NULL);
INSERT INTO `order` VALUES (42, 14, '7.00', '2022-05-25 02:54:05', NULL);
INSERT INTO `order` VALUES (43, 13, '2.00', '2022-05-25 02:54:08', NULL);
INSERT INTO `order` VALUES (44, 15, '5.00', '2022-05-25 02:54:22', NULL);
INSERT INTO `order` VALUES (45, 1, '9.00', '2022-05-25 02:54:48', NULL);
INSERT INTO `order` VALUES (46, 9, '9.00', '2022-05-25 02:55:16', NULL);
INSERT INTO `order` VALUES (47, 12, '9.00', '2022-05-25 02:55:30', NULL);
INSERT INTO `order` VALUES (48, 2, '8.00', '2022-05-25 02:58:29', NULL);
INSERT INTO `order` VALUES (49, 10, '6.00', '2022-05-25 02:58:31', NULL);
INSERT INTO `order` VALUES (50, 7, '7.00', '2022-05-25 04:48:24', NULL);
INSERT INTO `order` VALUES (51, 8, '15.00', '2022-05-25 09:32:51', NULL);
INSERT INTO `order` VALUES (52, 12, '9.00', '2022-05-26 02:15:38', NULL);
INSERT INTO `order` VALUES (53, 7, '7.00', '2022-05-26 02:17:24', NULL);
INSERT INTO `order` VALUES (54, 10, '6.00', '2022-05-26 02:18:42', NULL);
INSERT INTO `order` VALUES (55, 6, '7.00', '2022-05-26 02:20:13', NULL);
INSERT INTO `order` VALUES (56, 14, '8.00', '2022-05-26 02:23:03', NULL);
INSERT INTO `order` VALUES (57, 3, '7.00', '2022-05-26 02:35:28', NULL);
INSERT INTO `order` VALUES (58, 13, '7.00', '2022-05-26 04:35:59', NULL);
INSERT INTO `order` VALUES (59, 9, '4.00', '2022-05-26 04:55:43', NULL);
INSERT INTO `order` VALUES (60, 2, '6.00', '2022-05-26 05:44:17', NULL);
INSERT INTO `order` VALUES (61, 7, '11.00', '2022-05-27 02:22:43', NULL);
INSERT INTO `order` VALUES (62, 10, '6.00', '2022-05-27 02:23:20', NULL);
INSERT INTO `order` VALUES (63, 12, '9.00', '2022-05-27 02:23:54', NULL);
INSERT INTO `order` VALUES (64, 14, '7.00', '2022-05-27 02:24:23', NULL);
INSERT INTO `order` VALUES (65, 2, '8.00', '2022-05-27 02:48:24', NULL);
INSERT INTO `order` VALUES (66, 4, '8.00', '2022-05-27 02:54:25', NULL);
INSERT INTO `order` VALUES (67, 6, '7.00', '2022-05-27 03:03:07', NULL);
INSERT INTO `order` VALUES (68, 3, '8.00', '2022-05-27 04:00:06', NULL);
INSERT INTO `order` VALUES (69, 9, '6.00', '2022-05-27 04:05:19', NULL);
INSERT INTO `order` VALUES (70, 13, '7.00', '2022-05-27 05:24:48', NULL);
INSERT INTO `order` VALUES (71, 1, '9.00', '2022-05-27 05:48:07', NULL);
INSERT INTO `order` VALUES (99, 9, '4.00', '2022-05-30 00:23:06', NULL);
INSERT INTO `order` VALUES (100, 6, '7.00', '2022-05-30 00:28:04', NULL);
INSERT INTO `order` VALUES (101, 1, '11.00', '2022-05-30 00:31:54', NULL);
INSERT INTO `order` VALUES (104, 2, '6.00', '2022-05-30 04:32:34', NULL);
INSERT INTO `order` VALUES (105, 10, '4.00', '2022-05-30 04:39:01', NULL);
INSERT INTO `order` VALUES (106, 12, '7.00', '2022-05-30 05:34:10', NULL);
INSERT INTO `order` VALUES (107, 7, '7.00', '2022-05-30 06:24:15', NULL);
INSERT INTO `order` VALUES (108, 12, '8.00', '2022-05-31 02:14:02', NULL);
INSERT INTO `order` VALUES (109, 2, '8.00', '2022-05-31 02:17:53', NULL);
INSERT INTO `order` VALUES (110, 14, '7.00', '2022-05-31 02:18:31', NULL);
INSERT INTO `order` VALUES (112, 9, '6.00', '2022-05-31 02:19:08', NULL);
INSERT INTO `order` VALUES (113, 7, '7.00', '2022-05-31 02:19:34', NULL);
INSERT INTO `order` VALUES (114, 6, '7.00', '2022-05-31 02:19:50', NULL);
INSERT INTO `order` VALUES (116, 10, '6.00', '2022-05-31 02:23:05', NULL);
INSERT INTO `order` VALUES (117, 15, '7.00', '2022-05-31 02:26:19', NULL);
INSERT INTO `order` VALUES (125, 1, '13.00', '2022-05-31 03:55:32', NULL);
INSERT INTO `order` VALUES (126, 13, '7.00', '2022-05-31 03:56:24', NULL);
INSERT INTO `order` VALUES (127, 3, '9.00', '2022-05-31 04:02:25', NULL);
INSERT INTO `order` VALUES (132, 12, '9.0', '2022-06-01 02:18:11', NULL);
INSERT INTO `order` VALUES (133, 10, '6.0', '2022-06-01 02:29:32', NULL);
INSERT INTO `order` VALUES (137, 3, '9.0', '2022-06-01 02:41:12', NULL);
INSERT INTO `order` VALUES (138, 14, '6.0', '2022-06-01 03:10:41', NULL);
INSERT INTO `order` VALUES (139, 9, '8.0', '2022-06-01 03:11:17', NULL);
INSERT INTO `order` VALUES (140, 13, '9.0', '2022-06-01 03:18:51', NULL);
INSERT INTO `order` VALUES (142, 7, '7.0', '2022-06-01 04:15:13', NULL);
INSERT INTO `order` VALUES (143, 6, '7.0', '2022-06-01 04:20:16', NULL);
INSERT INTO `order` VALUES (145, 2, '6.0', '2022-06-01 06:53:22', NULL);
INSERT INTO `order` VALUES (147, 8, '12.0', '2022-06-01 08:47:57', NULL);
INSERT INTO `order` VALUES (148, 12, '9.0', '2022-06-02 03:16:32', NULL);
INSERT INTO `order` VALUES (149, 10, '6.0', '2022-06-02 03:37:21', NULL);
INSERT INTO `order` VALUES (150, 14, '6.0', '2022-06-02 03:41:33', NULL);
INSERT INTO `order` VALUES (151, 6, '9.0', '2022-06-02 04:20:40', NULL);
INSERT INTO `order` VALUES (152, 9, '8.0', '2022-06-02 04:54:18', NULL);
INSERT INTO `order` VALUES (153, 7, '7.0', '2022-06-02 07:12:19', NULL);
INSERT INTO `order` VALUES (154, 13, '7.0', '2022-06-02 07:14:40', NULL);
INSERT INTO `order` VALUES (156, 12, '9.0', '2022-06-06 03:47:03', NULL);
INSERT INTO `order` VALUES (157, 1, '13.0', '2022-06-06 03:49:45', NULL);
INSERT INTO `order` VALUES (158, 13, '7.0', '2022-06-06 03:52:09', NULL);
INSERT INTO `order` VALUES (159, 6, '7.0', '2022-06-06 04:01:47', NULL);
INSERT INTO `order` VALUES (160, 3, '8.0', '2022-06-06 04:29:27', NULL);
INSERT INTO `order` VALUES (161, 2, '8.0', '2022-06-06 04:39:44', NULL);
INSERT INTO `order` VALUES (162, 15, '8.0', '2022-06-06 05:03:12', NULL);
INSERT INTO `order` VALUES (163, 8, '12.0', '2022-06-06 05:22:17', NULL);
INSERT INTO `order` VALUES (164, 9, '11.0', '2022-06-06 05:41:26', NULL);
INSERT INTO `order` VALUES (165, 14, '6.0', '2022-06-06 05:59:50', NULL);
INSERT INTO `order` VALUES (167, 4, '10.0', '2022-06-07 01:02:05', NULL);
INSERT INTO `order` VALUES (168, 3, '6.0', '2022-06-07 01:04:25', NULL);
INSERT INTO `order` VALUES (169, 6, '7.0', '2022-06-07 01:16:20', NULL);
INSERT INTO `order` VALUES (170, 10, '6.0', '2022-06-07 02:54:39', NULL);
INSERT INTO `order` VALUES (174, 2, '6.0', '2022-06-07 03:51:31', NULL);
INSERT INTO `order` VALUES (175, 12, '8.0', '2022-06-07 03:55:34', NULL);
INSERT INTO `order` VALUES (176, 1, '10.0', '2022-06-07 04:13:44', NULL);
INSERT INTO `order` VALUES (184, 12, '9.0', '2022-06-08 02:26:17', NULL);
INSERT INTO `order` VALUES (185, 31, '9.0', '2022-06-08 02:26:46', NULL);
INSERT INTO `order` VALUES (186, 15, '12.0', '2022-06-08 02:28:05', NULL);
INSERT INTO `order` VALUES (187, 14, '7.0', '2022-06-08 02:36:18', NULL);
INSERT INTO `order` VALUES (188, 10, '6.0', '2022-06-08 03:15:08', NULL);
INSERT INTO `order` VALUES (189, 3, '10.0', '2022-06-08 04:17:32', NULL);
INSERT INTO `order` VALUES (190, 9, '4.0', '2022-06-08 05:28:04', NULL);
INSERT INTO `order` VALUES (191, 6, '5.0', '2022-06-08 05:53:40', NULL);
INSERT INTO `order` VALUES (192, 2, '8.0', '2022-06-08 06:31:32', NULL);
INSERT INTO `order` VALUES (193, 14, '5.0', '2022-06-09 02:17:05', NULL);
INSERT INTO `order` VALUES (194, 13, '7.0', '2022-06-09 03:45:23', NULL);
INSERT INTO `order` VALUES (195, 15, '7.0', '2022-06-09 03:45:31', NULL);
INSERT INTO `order` VALUES (196, 2, '6.0', '2022-06-09 03:45:39', NULL);
INSERT INTO `order` VALUES (197, 10, '6.0', '2022-06-09 03:46:26', NULL);
INSERT INTO `order` VALUES (198, 12, '9.0', '2022-06-09 03:47:26', NULL);
INSERT INTO `order` VALUES (199, 3, '9.0', '2022-06-09 03:48:38', NULL);
INSERT INTO `order` VALUES (200, 31, '9.0', '2022-06-09 04:14:38', NULL);
INSERT INTO `order` VALUES (201, 6, '7.0', '2022-06-09 04:17:12', NULL);
INSERT INTO `order` VALUES (204, 9, '8.0', '2022-06-09 07:32:17', NULL);
INSERT INTO `order` VALUES (205, 3, '7.0', '2022-06-10 01:53:42', NULL);
INSERT INTO `order` VALUES (207, 12, '7.0', '2022-06-10 03:43:31', NULL);
INSERT INTO `order` VALUES (208, 14, '6.0', '2022-06-10 03:45:03', NULL);
INSERT INTO `order` VALUES (209, 6, '6.0', '2022-06-10 04:53:12', NULL);
INSERT INTO `order` VALUES (210, 2, '5.0', '2022-06-10 05:26:11', NULL);
INSERT INTO `order` VALUES (211, 12, '9.0', '2022-06-13 02:37:05', NULL);
INSERT INTO `order` VALUES (212, 10, '6.0', '2022-06-13 02:38:06', NULL);
INSERT INTO `order` VALUES (213, 6, '5.0', '2022-06-13 02:42:55', NULL);
INSERT INTO `order` VALUES (215, 31, '12.0', '2022-06-13 03:30:38', NULL);
INSERT INTO `order` VALUES (216, 9, '8.0', '2022-06-13 04:02:40', NULL);
INSERT INTO `order` VALUES (218, 14, '8.0', '2022-06-13 05:16:53', NULL);
INSERT INTO `order` VALUES (219, 13, '7.0', '2022-06-13 06:02:25', NULL);
INSERT INTO `order` VALUES (220, 3, '9.0', '2022-06-13 06:45:22', NULL);
INSERT INTO `order` VALUES (221, 10, '6.0', '2022-06-14 02:59:54', NULL);
INSERT INTO `order` VALUES (222, 2, '7.0', '2022-06-14 03:09:31', NULL);
INSERT INTO `order` VALUES (223, 6, '5.0', '2022-06-14 03:29:43', NULL);
INSERT INTO `order` VALUES (224, 12, '9.0', '2022-06-14 04:06:01', NULL);
INSERT INTO `order` VALUES (225, 8, '12.0', '2022-06-14 10:40:15', NULL);
INSERT INTO `order` VALUES (226, 3, '7.0', '2022-06-14 23:02:45', NULL);
INSERT INTO `order` VALUES (227, 13, '7.0', '2022-06-15 04:12:27', NULL);
INSERT INTO `order` VALUES (228, 10, '6.0', '2022-06-15 04:12:37', NULL);
INSERT INTO `order` VALUES (229, 14, '7.0', '2022-06-15 04:12:46', NULL);
INSERT INTO `order` VALUES (230, 12, '7.0', '2022-06-15 04:15:58', NULL);
INSERT INTO `order` VALUES (231, 9, '8.0', '2022-06-15 04:17:48', NULL);
INSERT INTO `order` VALUES (232, 15, '7.0', '2022-06-15 04:35:53', NULL);
INSERT INTO `order` VALUES (233, 6, '5.0', '2022-06-15 04:49:15', NULL);
INSERT INTO `order` VALUES (234, 2, '8.0', '2022-06-15 05:02:31', NULL);
INSERT INTO `order` VALUES (235, 3, '2.0', '2022-06-16 04:19:04', NULL);
INSERT INTO `order` VALUES (236, 6, '5.0', '2022-06-16 04:19:53', NULL);
INSERT INTO `order` VALUES (237, 2, '7.0', '2022-06-16 04:20:27', NULL);
INSERT INTO `order` VALUES (238, 10, '6.0', '2022-06-16 04:21:14', NULL);
INSERT INTO `order` VALUES (239, 13, '7.0', '2022-06-16 04:23:04', NULL);
INSERT INTO `order` VALUES (240, 14, '6.0', '2022-06-16 04:27:56', NULL);
INSERT INTO `order` VALUES (241, 9, '6.0', '2022-06-16 07:30:41', NULL);
INSERT INTO `order` VALUES (242, 31, '9.0', '2022-06-16 07:43:16', NULL);
INSERT INTO `order` VALUES (243, 12, '8.0', '2022-06-16 08:06:53', NULL);
INSERT INTO `order` VALUES (246, 3, '9.0', '2022-06-17 04:22:16', NULL);
INSERT INTO `order` VALUES (248, 9, '9.0', '2022-06-17 04:28:33', NULL);
INSERT INTO `order` VALUES (250, 16, '6.0', '2022-06-17 04:28:45', NULL);
INSERT INTO `order` VALUES (253, 8, '9.0', '2022-06-17 04:43:33', NULL);
INSERT INTO `order` VALUES (254, 5, '7.0', '2022-06-17 04:46:22', NULL);
INSERT INTO `order` VALUES (255, 7, '7.0', '2022-06-17 05:01:47', NULL);
INSERT INTO `order` VALUES (256, 2, '8.0', '2022-06-17 05:04:11', NULL);
INSERT INTO `order` VALUES (257, 14, '5.0', '2022-06-17 05:20:44', NULL);
INSERT INTO `order` VALUES (258, 10, '7.0', '2022-06-17 06:05:18', NULL);
INSERT INTO `order` VALUES (259, 8, '9.0', '2022-06-20 04:46:18', NULL);
INSERT INTO `order` VALUES (260, 1, '7.0', '2022-06-20 04:47:46', NULL);
INSERT INTO `order` VALUES (261, 14, '7.0', '2022-06-20 05:02:24', NULL);
INSERT INTO `order` VALUES (262, 5, '7.0', '2022-06-20 05:14:40', NULL);
INSERT INTO `order` VALUES (263, 7, '6.0', '2022-06-20 05:29:54', NULL);
INSERT INTO `order` VALUES (264, 2, '8.0', '2022-06-20 05:41:02', NULL);
INSERT INTO `order` VALUES (265, 4, '12.0', '2022-06-20 06:27:48', NULL);
INSERT INTO `order` VALUES (266, 16, '7.0', '2022-06-20 06:33:39', NULL);
INSERT INTO `order` VALUES (267, 9, '9.0', '2022-06-20 06:55:42', NULL);
INSERT INTO `order` VALUES (268, 7, '6.0', '2022-06-21 04:49:06', NULL);
INSERT INTO `order` VALUES (269, 12, '7.0', '2022-06-21 04:49:33', NULL);
INSERT INTO `order` VALUES (270, 14, '5.0', '2022-06-21 04:59:14', NULL);
INSERT INTO `order` VALUES (271, 10, '8.0', '2022-06-21 04:59:32', NULL);
INSERT INTO `order` VALUES (272, 9, '9.0', '2022-06-21 05:01:40', NULL);
INSERT INTO `order` VALUES (273, 1, '7.0', '2022-06-21 05:03:19', NULL);
INSERT INTO `order` VALUES (274, 16, '5.0', '2022-06-21 05:57:14', NULL);
INSERT INTO `order` VALUES (275, 5, '7.0', '2022-06-21 07:15:41', NULL);
INSERT INTO `order` VALUES (276, 2, '10.0', '2022-06-21 08:35:56', NULL);
INSERT INTO `order` VALUES (278, 13, '15.0', '2022-06-21 10:31:40', NULL);
INSERT INTO `order` VALUES (279, 9, '9.0', '2022-06-22 04:30:46', NULL);
INSERT INTO `order` VALUES (282, 7, '6.0', '2022-06-22 04:40:16', NULL);
INSERT INTO `order` VALUES (283, 16, '5.0', '2022-06-22 04:44:46', NULL);
INSERT INTO `order` VALUES (284, 1, '7.0', '2022-06-22 04:53:51', NULL);
INSERT INTO `order` VALUES (285, 3, '6.0', '2022-06-22 05:34:14', NULL);
INSERT INTO `order` VALUES (286, 14, '6.0', '2022-06-22 05:55:40', NULL);
INSERT INTO `order` VALUES (287, 10, '6.0', '2022-06-22 07:47:27', NULL);
INSERT INTO `order` VALUES (289, 2, '9.0', '2022-06-22 09:30:44', NULL);
INSERT INTO `order` VALUES (290, 13, '11.0', '2022-06-22 09:38:14', NULL);
INSERT INTO `order` VALUES (291, 14, '5.0', '2022-06-23 04:17:06', NULL);
INSERT INTO `order` VALUES (292, 9, '9.0', '2022-06-23 04:19:55', NULL);
INSERT INTO `order` VALUES (293, 7, '6.0', '2022-06-23 04:44:44', NULL);
INSERT INTO `order` VALUES (297, 1, '7.0', '2022-06-23 05:22:16', NULL);
INSERT INTO `order` VALUES (298, 5, '7.0', '2022-06-23 07:42:38', NULL);
INSERT INTO `order` VALUES (299, 10, '5.0', '2022-06-23 07:44:12', NULL);
INSERT INTO `order` VALUES (301, 13, '9.0', '2022-06-23 09:57:09', NULL);
INSERT INTO `order` VALUES (302, 16, '7.0', '2022-06-24 04:07:57', NULL);
INSERT INTO `order` VALUES (303, 9, '9.0', '2022-06-24 04:55:35', NULL);
INSERT INTO `order` VALUES (306, 1, '11.0', '2022-06-24 06:14:20', NULL);
INSERT INTO `order` VALUES (307, 7, '6.0', '2022-06-24 07:25:20', NULL);
INSERT INTO `order` VALUES (308, 2, '10.0', '2022-06-24 07:46:35', NULL);
INSERT INTO `order` VALUES (309, 14, '5.0', '2022-06-24 08:12:20', NULL);
INSERT INTO `order` VALUES (310, 10, '7.0', '2022-06-24 08:23:54', NULL);
INSERT INTO `order` VALUES (311, 9, '9.0', '2022-06-25 02:11:13', NULL);
INSERT INTO `order` VALUES (312, 7, '6.0', '2022-06-25 04:22:40', NULL);
INSERT INTO `order` VALUES (313, 1, '7.0', '2022-06-25 05:25:10', NULL);
INSERT INTO `order` VALUES (315, 14, '7.0', '2022-06-25 08:21:42', NULL);
INSERT INTO `order` VALUES (316, 14, '5.0', '2022-06-27 03:55:16', NULL);
INSERT INTO `order` VALUES (317, 8, '9.0', '2022-06-27 04:08:37', NULL);
INSERT INTO `order` VALUES (318, 7, '6.0', '2022-06-27 04:43:40', NULL);
INSERT INTO `order` VALUES (319, 1, '7.0', '2022-06-27 05:21:36', NULL);
INSERT INTO `order` VALUES (320, 16, '4.0', '2022-06-27 05:26:32', NULL);
INSERT INTO `order` VALUES (321, 13, '11.0', '2022-06-27 09:07:36', NULL);
INSERT INTO `order` VALUES (322, 16, '6.0', '2022-06-28 03:52:27', NULL);
INSERT INTO `order` VALUES (323, 5, '7.0', '2022-06-28 04:00:04', NULL);
INSERT INTO `order` VALUES (324, 2, '11.0', '2022-06-28 04:13:48', NULL);
INSERT INTO `order` VALUES (325, 14, '5.0', '2022-06-28 04:25:49', NULL);
INSERT INTO `order` VALUES (327, 7, '4.0', '2022-06-28 04:47:39', NULL);
INSERT INTO `order` VALUES (329, 8, '9.0', '2022-06-29 03:23:53', NULL);
INSERT INTO `order` VALUES (330, 7, '4.0', '2022-06-29 03:29:43', NULL);
INSERT INTO `order` VALUES (331, 14, '5.0', '2022-06-29 03:31:08', NULL);
INSERT INTO `order` VALUES (332, 10, '6.0', '2022-06-29 04:27:25', NULL);
INSERT INTO `order` VALUES (333, 16, '5.0', '2022-06-29 05:15:54', NULL);
INSERT INTO `order` VALUES (334, 1, '7.0', '2022-06-29 07:01:07', NULL);
INSERT INTO `order` VALUES (335, 13, '8.0', '2022-06-29 10:25:01', NULL);
INSERT INTO `order` VALUES (336, 14, '5.0', '2022-06-30 04:28:31', NULL);
INSERT INTO `order` VALUES (337, 9, '9.0', '2022-06-30 05:04:28', NULL);
INSERT INTO `order` VALUES (338, 8, '9.0', '2022-06-30 05:08:18', NULL);
INSERT INTO `order` VALUES (339, 7, '4.0', '2022-06-30 05:09:56', NULL);
INSERT INTO `order` VALUES (340, 2, '11.0', '2022-06-30 05:30:14', NULL);
INSERT INTO `order` VALUES (341, 1, '7.0', '2022-06-30 06:00:18', NULL);
INSERT INTO `order` VALUES (342, 16, '5.0', '2022-06-30 06:01:52', NULL);
INSERT INTO `order` VALUES (343, 16, '5.0', '2022-07-01 04:31:43', NULL);
INSERT INTO `order` VALUES (344, 8, '9.0', '2022-07-01 04:32:56', NULL);
INSERT INTO `order` VALUES (345, 7, '4.0', '2022-07-01 04:33:08', NULL);
INSERT INTO `order` VALUES (346, 9, '9.0', '2022-07-01 05:01:54', NULL);
INSERT INTO `order` VALUES (347, 10, '6.0', '2022-07-01 05:57:12', NULL);
INSERT INTO `order` VALUES (348, 14, '5.0', '2022-07-01 06:41:05', NULL);
INSERT INTO `order` VALUES (349, 2, '11.0', '2022-07-01 07:31:15', NULL);
INSERT INTO `order` VALUES (350, 1, '7.0', '2022-07-01 07:48:47', NULL);
INSERT INTO `order` VALUES (352, 14, '5.0', '2022-07-04 04:16:45', NULL);
INSERT INTO `order` VALUES (353, 2, '11.0', '2022-07-04 04:17:05', NULL);
INSERT INTO `order` VALUES (354, 8, '9.0', '2022-07-04 04:17:08', NULL);
INSERT INTO `order` VALUES (355, 3, '9.0', '2022-07-04 04:23:16', NULL);
INSERT INTO `order` VALUES (356, 7, '4.0', '2022-07-04 04:47:51', NULL);
INSERT INTO `order` VALUES (357, 10, '6.0', '2022-07-04 06:36:49', NULL);
INSERT INTO `order` VALUES (359, 7, '4.0', '2022-07-05 04:46:23', NULL);
INSERT INTO `order` VALUES (360, 5, '8.0', '2022-07-05 04:47:36', NULL);
INSERT INTO `order` VALUES (361, 18, '8.0', '2022-07-05 04:47:36', NULL);
INSERT INTO `order` VALUES (362, 9, '9.0', '2022-07-05 04:47:56', NULL);
INSERT INTO `order` VALUES (363, 8, '9.0', '2022-07-05 04:48:58', NULL);
INSERT INTO `order` VALUES (364, 16, '7.0', '2022-07-05 05:54:17', NULL);
INSERT INTO `order` VALUES (365, 10, '6.0', '2022-07-05 07:45:28', NULL);
INSERT INTO `order` VALUES (366, 14, '5.0', '2022-07-06 03:54:52', NULL);
INSERT INTO `order` VALUES (368, 11, '6.0', '2022-07-06 03:55:09', NULL);
INSERT INTO `order` VALUES (369, 7, '4.0', '2022-07-06 03:58:46', NULL);
INSERT INTO `order` VALUES (370, 9, '9.0', '2022-07-06 04:03:40', NULL);
INSERT INTO `order` VALUES (371, 18, '5.0', '2022-07-06 04:23:15', NULL);
INSERT INTO `order` VALUES (372, 5, '8.0', '2022-07-06 07:14:17', NULL);
INSERT INTO `order` VALUES (375, 11, '6.0', '2022-07-07 03:53:12', NULL);
INSERT INTO `order` VALUES (376, 7, '4.0', '2022-07-08 04:47:13', NULL);
INSERT INTO `order` VALUES (377, 5, '8.0', '2022-07-08 04:48:02', NULL);
INSERT INTO `order` VALUES (379, 9, '9.0', '2022-07-08 05:13:37', NULL);
INSERT INTO `order` VALUES (380, 14, '5.0', '2022-07-08 05:23:26', NULL);
INSERT INTO `order` VALUES (381, 4, '8.0', '2022-07-08 06:13:40', NULL);
INSERT INTO `order` VALUES (382, 2, '11.0', '2022-07-08 06:14:15', NULL);
INSERT INTO `order` VALUES (384, 5, '8.0', '2022-07-11 04:02:29', NULL);
INSERT INTO `order` VALUES (385, 11, '6.0', '2022-07-11 04:02:37', NULL);
INSERT INTO `order` VALUES (386, 14, '7.0', '2022-07-11 04:13:39', NULL);
INSERT INTO `order` VALUES (387, 10, '6.0', '2022-07-11 04:16:13', NULL);
INSERT INTO `order` VALUES (388, 7, '4.0', '2022-07-11 04:17:26', NULL);
INSERT INTO `order` VALUES (389, 2, '11.0', '2022-07-11 04:50:47', NULL);
INSERT INTO `order` VALUES (390, 9, '9.0', '2022-07-11 06:08:32', NULL);
INSERT INTO `order` VALUES (391, 16, '5.0', '2022-07-11 06:15:20', NULL);
INSERT INTO `order` VALUES (392, 14, '5.0', '2022-07-12 05:46:09', NULL);
INSERT INTO `order` VALUES (393, 5, '7.0', '2022-07-12 05:50:12', NULL);
INSERT INTO `order` VALUES (394, 7, '4.0', '2022-07-12 05:51:10', NULL);
INSERT INTO `order` VALUES (395, 9, '9.0', '2022-07-12 05:51:46', NULL);
INSERT INTO `order` VALUES (396, 2, '11.0', '2022-07-12 05:55:45', NULL);
INSERT INTO `order` VALUES (397, 11, '6.0', '2022-07-12 08:20:09', NULL);
INSERT INTO `order` VALUES (398, 13, '11.0', '2022-07-12 09:07:28', NULL);
INSERT INTO `order` VALUES (400, 8, '10.0', '2022-07-13 05:13:48', NULL);
INSERT INTO `order` VALUES (401, 7, '4.0', '2022-07-13 05:17:18', NULL);
INSERT INTO `order` VALUES (402, 14, '5.0', '2022-07-13 05:43:29', NULL);
INSERT INTO `order` VALUES (404, 2, '12.0', '2022-07-13 06:28:24', NULL);
INSERT INTO `order` VALUES (405, 16, '5.0', '2022-07-13 06:30:24', NULL);
INSERT INTO `order` VALUES (406, 13, '16.0', '2022-07-13 10:11:26', NULL);
INSERT INTO `order` VALUES (407, 14, '6.0', '2022-07-14 04:53:55', NULL);
INSERT INTO `order` VALUES (408, 7, '4.0', '2022-07-14 04:56:06', NULL);
INSERT INTO `order` VALUES (409, 9, '9.0', '2022-07-14 04:56:40', NULL);
INSERT INTO `order` VALUES (410, 5, '7.0', '2022-07-14 04:57:14', NULL);
INSERT INTO `order` VALUES (411, 10, '6.0', '2022-07-14 05:03:00', NULL);
INSERT INTO `order` VALUES (412, 2, '11.0', '2022-07-14 05:48:09', NULL);
INSERT INTO `order` VALUES (413, 11, '13.0', '2022-07-14 07:33:47', NULL);
INSERT INTO `order` VALUES (414, 14, '5.0', '2022-07-15 05:12:39', NULL);
INSERT INTO `order` VALUES (415, 7, '4.0', '2022-07-15 05:17:22', NULL);
INSERT INTO `order` VALUES (416, 16, '5.0', '2022-07-15 05:19:00', NULL);
INSERT INTO `order` VALUES (418, 9, '9.0', '2022-07-15 05:27:38', NULL);
INSERT INTO `order` VALUES (420, 11, '13.0', '2022-07-15 05:40:12', NULL);
INSERT INTO `order` VALUES (421, 5, '7.0', '2022-07-15 06:06:53', NULL);
INSERT INTO `order` VALUES (422, 2, '11.0', '2022-07-15 07:37:25', NULL);
INSERT INTO `order` VALUES (424, 5, '7.0', '2022-07-18 04:10:14', NULL);
INSERT INTO `order` VALUES (425, 3, '6.0', '2022-07-18 04:17:27', NULL);
INSERT INTO `order` VALUES (426, 14, '5.0', '2022-07-18 04:18:08', NULL);
INSERT INTO `order` VALUES (427, 7, '4.0', '2022-07-18 04:41:21', NULL);
INSERT INTO `order` VALUES (428, 2, '11.0', '2022-07-18 05:23:25', NULL);
INSERT INTO `order` VALUES (429, 9, '9.0', '2022-07-18 07:47:43', NULL);
INSERT INTO `order` VALUES (430, 10, '6.0', '2022-07-18 09:14:13', NULL);
INSERT INTO `order` VALUES (432, 9, '9.0', '2022-07-19 04:51:56', NULL);
INSERT INTO `order` VALUES (433, 7, '4.0', '2022-07-19 04:57:55', NULL);
INSERT INTO `order` VALUES (434, 16, '5.0', '2022-07-19 05:01:16', NULL);
INSERT INTO `order` VALUES (435, 14, '5.0', '2022-07-19 05:05:28', NULL);
INSERT INTO `order` VALUES (436, 2, '4.0', '2022-07-19 08:32:52', NULL);
INSERT INTO `order` VALUES (437, 5, '8.0', '2022-07-19 08:38:04', NULL);
INSERT INTO `order` VALUES (438, 9, '9.0', '2022-07-20 03:53:34', NULL);
INSERT INTO `order` VALUES (439, 8, '9.0', '2022-07-20 05:27:34', NULL);
INSERT INTO `order` VALUES (440, 7, '4.0', '2022-07-20 05:32:48', NULL);
INSERT INTO `order` VALUES (441, 14, '5.0', '2022-07-20 05:48:25', NULL);
INSERT INTO `order` VALUES (442, 14, '6.0', '2022-07-21 04:26:16', NULL);
INSERT INTO `order` VALUES (443, 7, '4.0', '2022-07-21 04:26:27', NULL);
INSERT INTO `order` VALUES (444, 8, '9.0', '2022-07-21 04:26:56', NULL);
INSERT INTO `order` VALUES (445, 9, '9.0', '2022-07-21 04:30:45', NULL);
INSERT INTO `order` VALUES (446, 4, '8.0', '2022-07-21 04:34:09', NULL);
INSERT INTO `order` VALUES (447, 2, '8.0', '2022-07-21 04:37:19', NULL);
INSERT INTO `order` VALUES (448, 16, '3.0', '2022-07-21 04:56:56', NULL);
INSERT INTO `order` VALUES (449, 5, '8.0', '2022-07-21 06:57:29', NULL);
INSERT INTO `order` VALUES (450, 9, '9.0', '2022-07-22 04:19:28', NULL);
INSERT INTO `order` VALUES (451, 14, '5.0', '2022-07-22 05:13:22', NULL);
INSERT INTO `order` VALUES (452, 2, '11.0', '2022-07-22 05:13:52', NULL);
INSERT INTO `order` VALUES (453, 7, '4.0', '2022-07-22 05:24:28', NULL);
INSERT INTO `order` VALUES (454, 5, '10.0', '2022-07-22 08:16:48', NULL);
INSERT INTO `order` VALUES (455, 5, '10.0', '2022-07-25 04:37:45', NULL);
INSERT INTO `order` VALUES (456, 7, '4.0', '2022-07-26 04:10:07', NULL);
INSERT INTO `order` VALUES (457, 8, '10.0', '2022-07-26 04:11:05', NULL);
INSERT INTO `order` VALUES (458, 9, '2.0', '2022-07-26 04:11:24', NULL);
INSERT INTO `order` VALUES (459, 10, '8.0', '2022-07-26 04:48:02', NULL);
INSERT INTO `order` VALUES (460, 14, '5.0', '2022-07-26 05:43:40', NULL);
INSERT INTO `order` VALUES (462, 2, '11.0', '2022-07-26 05:44:08', NULL);
INSERT INTO `order` VALUES (463, 5, '10.0', '2022-07-26 08:22:58', NULL);
INSERT INTO `order` VALUES (464, 8, '10.0', '2022-07-27 04:43:51', NULL);
INSERT INTO `order` VALUES (465, 9, '9.0', '2022-07-27 04:44:16', NULL);
INSERT INTO `order` VALUES (466, 7, '4.0', '2022-07-27 04:44:26', NULL);
INSERT INTO `order` VALUES (467, 2, '11.0', '2022-07-27 05:02:11', NULL);
INSERT INTO `order` VALUES (468, 14, '5.0', '2022-07-27 05:11:29', NULL);
INSERT INTO `order` VALUES (470, 10, '8.0', '2022-07-27 08:23:56', NULL);
INSERT INTO `order` VALUES (471, 13, '15.0', '2022-07-27 08:24:49', NULL);
INSERT INTO `order` VALUES (473, 8, '10.0', '2022-07-28 04:18:07', NULL);
INSERT INTO `order` VALUES (474, 5, '10.0', '2022-07-28 04:18:18', NULL);
INSERT INTO `order` VALUES (476, 2, '11.0', '2022-07-28 04:20:27', NULL);
INSERT INTO `order` VALUES (477, 14, '5.0', '2022-07-28 04:20:31', NULL);
INSERT INTO `order` VALUES (478, 9, '9.0', '2022-07-28 04:31:07', NULL);
INSERT INTO `order` VALUES (479, 7, '4.0', '2022-07-28 05:56:30', NULL);
INSERT INTO `order` VALUES (480, 14, '5.0', '2022-07-29 04:07:11', NULL);
INSERT INTO `order` VALUES (481, 9, '2.0', '2022-07-29 04:08:57', NULL);
INSERT INTO `order` VALUES (483, 5, '10.0', '2022-07-29 04:10:42', NULL);
INSERT INTO `order` VALUES (485, 7, '4.0', '2022-07-29 04:16:00', NULL);
INSERT INTO `order` VALUES (486, 2, '11.0', '2022-07-29 04:16:03', NULL);
INSERT INTO `order` VALUES (487, 10, '8.0', '2022-07-29 07:32:17', NULL);
INSERT INTO `order` VALUES (489, 14, '5.0', '2022-08-02 20:04:30', NULL);
INSERT INTO `order` VALUES (490, 7, '4.0', '2022-08-02 21:07:47', NULL);
INSERT INTO `order` VALUES (491, 2, '8.0', '2022-08-02 21:10:21', NULL);
INSERT INTO `order` VALUES (492, 12, '7.0', '2022-08-02 22:25:33', NULL);
INSERT INTO `order` VALUES (493, 10, '8.0', '2022-08-02 23:20:54', NULL);
INSERT INTO `order` VALUES (494, 7, '4.0', '2022-08-03 21:21:42', NULL);
INSERT INTO `order` VALUES (495, 14, '5.0', '2022-08-03 21:27:26', NULL);
INSERT INTO `order` VALUES (496, 12, '9.0', '2022-08-03 21:32:04', NULL);
INSERT INTO `order` VALUES (497, 8, '10.0', '2022-08-03 22:10:45', NULL);
INSERT INTO `order` VALUES (498, 3, '9.0', '2022-08-03 22:32:23', NULL);
INSERT INTO `order` VALUES (499, 5, '10.0', '2022-08-03 22:37:04', NULL);
INSERT INTO `order` VALUES (500, 1, '7.0', '2022-08-03 23:51:10', NULL);
INSERT INTO `order` VALUES (501, 10, '8.0', '2022-08-04 00:18:23', NULL);
INSERT INTO `order` VALUES (502, 5, '10.0', '2022-08-04 21:54:41', NULL);
INSERT INTO `order` VALUES (503, 7, '4.0', '2022-08-04 21:55:54', NULL);
INSERT INTO `order` VALUES (504, 14, '5.0', '2022-08-04 22:00:00', NULL);
INSERT INTO `order` VALUES (505, 8, '7.0', '2022-08-04 22:05:49', NULL);
INSERT INTO `order` VALUES (506, 1, '7.0', '2022-08-05 07:46:37', NULL);
INSERT INTO `order` VALUES (508, 7, '4.0', '2022-08-07 20:07:29', NULL);
INSERT INTO `order` VALUES (509, 14, '5.0', '2022-08-07 20:13:40', NULL);
INSERT INTO `order` VALUES (510, 9, '2.0', '2022-08-07 20:31:48', NULL);
INSERT INTO `order` VALUES (511, 13, '16.0', '2022-08-07 22:06:41', NULL);
INSERT INTO `order` VALUES (512, 1, '7.0', '2022-08-07 22:11:20', NULL);
INSERT INTO `order` VALUES (514, 9, '2.0', '2022-08-08 21:24:50', NULL);
INSERT INTO `order` VALUES (515, 5, '8.0', '2022-08-08 21:36:43', NULL);
INSERT INTO `order` VALUES (516, 7, '4.0', '2022-08-08 21:38:35', NULL);
INSERT INTO `order` VALUES (517, 14, '5.0', '2022-08-08 21:42:34', NULL);
INSERT INTO `order` VALUES (518, 8, '9.0', '2022-08-08 21:56:19', NULL);
INSERT INTO `order` VALUES (519, 14, '5.0', '2022-08-09 21:07:41', NULL);
INSERT INTO `order` VALUES (520, 7, '4.0', '2022-08-09 21:09:21', NULL);
INSERT INTO `order` VALUES (522, 10, '8.0', '2022-08-10 00:01:50', NULL);
INSERT INTO `order` VALUES (523, 14, '5.0', '2022-08-10 20:45:58', NULL);
INSERT INTO `order` VALUES (524, 7, '4.0', '2022-08-10 21:01:54', NULL);
INSERT INTO `order` VALUES (525, 5, '6.0', '2022-08-10 23:50:23', NULL);
INSERT INTO `order` VALUES (526, 7, '4.0', '2022-08-11 20:14:46', NULL);
INSERT INTO `order` VALUES (527, 14, '5.0', '2022-08-11 20:24:17', NULL);
INSERT INTO `order` VALUES (528, 4, '8.0', '2022-08-11 22:22:32', NULL);
INSERT INTO `order` VALUES (529, 5, '10.0', '2022-08-12 00:42:29', NULL);
INSERT INTO `order` VALUES (530, 1, '7.0', '2022-08-12 01:24:06', NULL);
INSERT INTO `order` VALUES (531, 8, '8.0', '2022-08-15 21:10:20', NULL);
INSERT INTO `order` VALUES (532, 2, '8.0', '2022-08-15 21:15:43', NULL);
INSERT INTO `order` VALUES (533, 7, '4.0', '2022-08-15 21:41:52', NULL);
INSERT INTO `order` VALUES (534, 14, '5.0', '2022-08-15 23:58:58', NULL);
INSERT INTO `order` VALUES (535, 10, '8.0', '2022-08-16 19:59:34', NULL);
INSERT INTO `order` VALUES (536, 9, '9.0', '2022-08-16 20:02:32', NULL);
INSERT INTO `order` VALUES (537, 14, '5.0', '2022-08-16 20:14:10', NULL);
INSERT INTO `order` VALUES (538, 7, '4.0', '2022-08-16 20:27:09', NULL);
INSERT INTO `order` VALUES (539, 2, '8.0', '2022-08-16 21:50:59', NULL);
INSERT INTO `order` VALUES (540, 10, '8.0', '2022-08-17 21:47:23', NULL);
INSERT INTO `order` VALUES (542, 4, '7.0', '2022-08-17 22:33:28', NULL);
INSERT INTO `order` VALUES (543, 7, '4.0', '2022-08-17 22:40:30', NULL);
INSERT INTO `order` VALUES (544, 2, '8.0', '2022-08-17 22:46:18', NULL);
INSERT INTO `order` VALUES (545, 12, '7.0', '2022-08-17 23:03:05', NULL);
INSERT INTO `order` VALUES (546, 14, '5.0', '2022-08-17 23:13:04', NULL);
INSERT INTO `order` VALUES (547, 5, '5.0', '2022-08-18 00:49:47', NULL);
INSERT INTO `order` VALUES (548, 7, '4.0', '2022-08-21 19:52:53', NULL);
INSERT INTO `order` VALUES (549, 1, '7.0', '2022-08-21 23:53:26', NULL);
INSERT INTO `order` VALUES (550, 5, '10.0', '2022-08-22 00:08:23', NULL);
INSERT INTO `order` VALUES (551, 10, '8.0', '2022-08-28 21:14:55', NULL);
INSERT INTO `order` VALUES (552, 7, '5.0', '2022-08-28 21:27:59', NULL);
INSERT INTO `order` VALUES (553, 14, '5.0', '2022-08-28 21:43:55', NULL);
INSERT INTO `order` VALUES (554, 5, '7.0', '2022-08-28 21:56:02', NULL);
INSERT INTO `order` VALUES (555, 2, '7.0', '2022-08-28 22:53:57', NULL);
INSERT INTO `order` VALUES (556, 10, '8.0', '2022-08-29 20:50:51', NULL);
INSERT INTO `order` VALUES (557, 7, '5.0', '2022-08-29 21:19:42', NULL);
INSERT INTO `order` VALUES (558, 16, '7.0', '2022-08-29 22:11:20', NULL);
INSERT INTO `order` VALUES (561, 1, '10.0', '2022-08-30 00:45:59', NULL);
INSERT INTO `order` VALUES (562, 9, '9.0', '2022-08-31 08:22:50', NULL);
INSERT INTO `order` VALUES (563, 8, '10.0', '2022-08-31 08:23:38', NULL);
INSERT INTO `order` VALUES (564, 7, '5.0', '2022-08-31 08:24:02', NULL);
INSERT INTO `order` VALUES (565, 5, '10.0', '2022-08-31 08:28:07', NULL);
INSERT INTO `order` VALUES (567, 16, '7.0', '2022-08-31 22:27:09', NULL);
INSERT INTO `order` VALUES (569, 14, '5.0', '2022-09-04 20:05:11', NULL);
INSERT INTO `order` VALUES (570, 8, '9.0', '2022-09-04 20:06:17', NULL);
INSERT INTO `order` VALUES (571, 7, '5.0', '2022-09-04 20:20:07', NULL);
INSERT INTO `order` VALUES (572, 16, '7.0', '2022-09-05 23:00:02', NULL);
INSERT INTO `order` VALUES (573, 10, '8.0', '2022-09-05 23:11:24', NULL);
INSERT INTO `order` VALUES (574, 7, '5.0', '2022-09-07 23:44:09', NULL);
INSERT INTO `order` VALUES (575, 14, '7.0', '2022-09-08 01:11:52', NULL);
INSERT INTO `order` VALUES (576, 8, '7.0', '2022-09-13 22:16:41', NULL);
INSERT INTO `order` VALUES (577, 13, '15.0', '2022-09-14 01:20:57', NULL);
INSERT INTO `order` VALUES (578, 9, '9.0', '2022-09-14 21:55:41', NULL);
INSERT INTO `order` VALUES (579, 14, '5.0', '2022-09-14 22:02:20', NULL);
INSERT INTO `order` VALUES (580, 8, '7.0', '2022-09-14 22:43:31', NULL);
INSERT INTO `order` VALUES (581, 5, '10.0', '2022-09-18 21:43:07', NULL);
INSERT INTO `order` VALUES (582, 8, '7.0', '2022-09-18 21:44:19', NULL);
INSERT INTO `order` VALUES (583, 14, '5.0', '2022-09-18 22:05:01', NULL);
INSERT INTO `order` VALUES (584, 14, '5.0', '2022-09-19 23:15:23', NULL);
INSERT INTO `order` VALUES (585, 16, '7.0', '2022-09-20 22:03:59', NULL);
INSERT INTO `order` VALUES (586, 5, '8.0', '2022-09-21 00:10:00', NULL);
INSERT INTO `order` VALUES (587, 10, '8.0', '2022-09-21 22:07:44', NULL);
INSERT INTO `order` VALUES (588, 16, '8.0', '2022-09-21 22:33:15', NULL);
INSERT INTO `order` VALUES (589, 5, '10.0', '2022-09-22 00:08:00', NULL);
INSERT INTO `order` VALUES (590, 5, '10.0', '2022-09-23 00:36:54', NULL);
INSERT INTO `order` VALUES (591, 9, '9.0', '2022-10-16 20:30:22', NULL);
INSERT INTO `order` VALUES (592, 10, '8.0', '2022-10-16 20:31:59', NULL);
INSERT INTO `order` VALUES (593, 14, '5.0', '2022-10-16 20:54:38', NULL);
INSERT INTO `order` VALUES (594, 5, '10.0', '2022-10-17 23:52:34', NULL);
INSERT INTO `order` VALUES (595, 14, '7.0', '2022-10-18 21:36:28', NULL);
INSERT INTO `order` VALUES (596, 5, '10.0', '2022-10-19 00:17:51', NULL);
INSERT INTO `order` VALUES (597, 4, '12.0', '2022-10-19 00:23:20', NULL);
INSERT INTO `order` VALUES (598, 14, '5.0', '2022-10-19 20:24:55', NULL);
INSERT INTO `order` VALUES (599, 16, '8.0', '2022-10-19 20:48:07', NULL);
INSERT INTO `order` VALUES (600, 16, '7.0', '2022-10-24 22:00:34', NULL);
INSERT INTO `order` VALUES (601, 9, '9.0', '2022-10-26 20:33:50', NULL);
INSERT INTO `order` VALUES (602, 14, '5.0', '2022-10-26 20:37:37', NULL);
INSERT INTO `order` VALUES (603, 14, '5.0', '2022-10-27 23:42:00', NULL);
INSERT INTO `order` VALUES (604, 14, '5.0', '2022-11-06 23:34:19', NULL);

-- ----------------------------
-- Table structure for order_b
-- ----------------------------
DROP TABLE IF EXISTS `order_b`;
CREATE TABLE `order_b`  (
  `id` int(11) NOT NULL AUTO_INCREMENT,
  `order_id` int(11) NULL DEFAULT NULL,
  `goods_id` int(11) NULL DEFAULT NULL,
  `num` varchar(10) CHARACTER SET utf8mb4 COLLATE utf8mb4_general_ci NULL DEFAULT '1',
  PRIMARY KEY (`id`) USING BTREE,
  INDEX `order_orderb`(`order_id`) USING BTREE,
  INDEX `goods_orderb`(`goods_id`) USING BTREE,
  CONSTRAINT `goods_orderb` FOREIGN KEY (`goods_id`) REFERENCES `goods` (`id`) ON DELETE RESTRICT ON UPDATE RESTRICT,
  CONSTRAINT `order_orderb` FOREIGN KEY (`order_id`) REFERENCES `order` (`id`) ON DELETE RESTRICT ON UPDATE RESTRICT
) ENGINE = InnoDB AUTO_INCREMENT = 1067 CHARACTER SET = utf8mb4 COLLATE = utf8mb4_general_ci ROW_FORMAT = DYNAMIC;

-- ----------------------------
-- Records of order_b
-- ----------------------------
INSERT INTO `order_b` VALUES (56, 21, 103, '1');
INSERT INTO `order_b` VALUES (57, 21, 401, '1');
INSERT INTO `order_b` VALUES (58, 22, 101, '1');
INSERT INTO `order_b` VALUES (59, 22, 401, '1');
INSERT INTO `order_b` VALUES (60, 23, 301, '1');
INSERT INTO `order_b` VALUES (62, 23, 401, '1');
INSERT INTO `order_b` VALUES (63, 24, 103, '1');
INSERT INTO `order_b` VALUES (64, 24, 401, '1');
INSERT INTO `order_b` VALUES (65, 25, 302, '1');
INSERT INTO `order_b` VALUES (66, 26, 401, '1');
INSERT INTO `order_b` VALUES (67, 26, 301, '1');
INSERT INTO `order_b` VALUES (68, 26, 303, '1');
INSERT INTO `order_b` VALUES (69, 27, 101, '1');
INSERT INTO `order_b` VALUES (70, 28, 401, '1');
INSERT INTO `order_b` VALUES (71, 28, 105, '1');
INSERT INTO `order_b` VALUES (73, 29, 103, '1');
INSERT INTO `order_b` VALUES (74, 29, 401, '1');
INSERT INTO `order_b` VALUES (75, 30, 401, '1');
INSERT INTO `order_b` VALUES (76, 30, 304, '1');
INSERT INTO `order_b` VALUES (77, 31, 401, '1');
INSERT INTO `order_b` VALUES (78, 31, 101, '1');
INSERT INTO `order_b` VALUES (79, 32, 401, '1');
INSERT INTO `order_b` VALUES (80, 32, 104, '1');
INSERT INTO `order_b` VALUES (81, 33, 401, '1');
INSERT INTO `order_b` VALUES (83, 34, 303, '1');
INSERT INTO `order_b` VALUES (84, 34, 401, '1');
INSERT INTO `order_b` VALUES (85, 35, 102, '1');
INSERT INTO `order_b` VALUES (86, 35, 401, '1');
INSERT INTO `order_b` VALUES (87, 36, 105, '1');
INSERT INTO `order_b` VALUES (89, 38, 401, '1');
INSERT INTO `order_b` VALUES (90, 39, 301, '1');
INSERT INTO `order_b` VALUES (91, 39, 103, '1');
INSERT INTO `order_b` VALUES (92, 39, 401, '1');
INSERT INTO `order_b` VALUES (93, 40, 105, '1');
INSERT INTO `order_b` VALUES (94, 40, 401, '1');
INSERT INTO `order_b` VALUES (95, 41, 301, '1');
INSERT INTO `order_b` VALUES (96, 41, 101, '1');
INSERT INTO `order_b` VALUES (97, 41, 401, '1');
INSERT INTO `order_b` VALUES (98, 42, 203, '1');
INSERT INTO `order_b` VALUES (99, 43, 401, '1');
INSERT INTO `order_b` VALUES (102, 44, 101, '1');
INSERT INTO `order_b` VALUES (103, 45, 401, '1');
INSERT INTO `order_b` VALUES (104, 45, 203, '1');
INSERT INTO `order_b` VALUES (106, 46, 401, '1');
INSERT INTO `order_b` VALUES (107, 47, 401, '1');
INSERT INTO `order_b` VALUES (108, 47, 202, '1');
INSERT INTO `order_b` VALUES (109, 48, 103, '1');
INSERT INTO `order_b` VALUES (110, 48, 401, '1');
INSERT INTO `order_b` VALUES (111, 49, 401, '1');
INSERT INTO `order_b` VALUES (112, 49, 304, '1');
INSERT INTO `order_b` VALUES (113, 50, 105, '1');
INSERT INTO `order_b` VALUES (114, 51, 401, '1');
INSERT INTO `order_b` VALUES (115, 51, 103, '1');
INSERT INTO `order_b` VALUES (117, 52, 401, '1');
INSERT INTO `order_b` VALUES (118, 52, 203, '1');
INSERT INTO `order_b` VALUES (119, 53, 105, '1');
INSERT INTO `order_b` VALUES (120, 54, 305, '1');
INSERT INTO `order_b` VALUES (121, 54, 401, '1');
INSERT INTO `order_b` VALUES (122, 55, 401, '1');
INSERT INTO `order_b` VALUES (123, 55, 101, '1');
INSERT INTO `order_b` VALUES (124, 56, 401, '1');
INSERT INTO `order_b` VALUES (125, 56, 103, '1');
INSERT INTO `order_b` VALUES (126, 57, 101, '1');
INSERT INTO `order_b` VALUES (127, 57, 401, '1');
INSERT INTO `order_b` VALUES (128, 58, 102, '1');
INSERT INTO `order_b` VALUES (129, 58, 401, '1');
INSERT INTO `order_b` VALUES (130, 59, 303, '1');
INSERT INTO `order_b` VALUES (131, 60, 303, '1');
INSERT INTO `order_b` VALUES (132, 60, 401, '1');
INSERT INTO `order_b` VALUES (133, 61, 101, '1');
INSERT INTO `order_b` VALUES (134, 61, 103, '1');
INSERT INTO `order_b` VALUES (135, 62, 304, '1');
INSERT INTO `order_b` VALUES (136, 62, 401, '1');
INSERT INTO `order_b` VALUES (137, 63, 401, '1');
INSERT INTO `order_b` VALUES (139, 64, 203, '1');
INSERT INTO `order_b` VALUES (140, 65, 103, '1');
INSERT INTO `order_b` VALUES (141, 65, 401, '1');
INSERT INTO `order_b` VALUES (142, 66, 103, '1');
INSERT INTO `order_b` VALUES (143, 66, 401, '1');
INSERT INTO `order_b` VALUES (144, 67, 101, '1');
INSERT INTO `order_b` VALUES (145, 67, 401, '1');
INSERT INTO `order_b` VALUES (146, 68, 101, '1');
INSERT INTO `order_b` VALUES (147, 68, 301, '1');
INSERT INTO `order_b` VALUES (148, 69, 401, '1');
INSERT INTO `order_b` VALUES (149, 69, 303, '1');
INSERT INTO `order_b` VALUES (150, 70, 401, '1');
INSERT INTO `order_b` VALUES (151, 70, 102, '1');
INSERT INTO `order_b` VALUES (152, 71, 301, '1');
INSERT INTO `order_b` VALUES (153, 71, 303, '1');
INSERT INTO `order_b` VALUES (154, 71, 401, '1');
INSERT INTO `order_b` VALUES (211, 99, 303, '1');
INSERT INTO `order_b` VALUES (212, 100, 104, '1');
INSERT INTO `order_b` VALUES (213, 101, 303, '1');
INSERT INTO `order_b` VALUES (214, 101, 202, '1');
INSERT INTO `order_b` VALUES (218, 104, 103, '1');
INSERT INTO `order_b` VALUES (219, 105, 304, '1');
INSERT INTO `order_b` VALUES (220, 106, 203, '1');
INSERT INTO `order_b` VALUES (221, 107, 105, '1');
INSERT INTO `order_b` VALUES (222, 108, 401, '1');
INSERT INTO `order_b` VALUES (223, 108, 103, '1');
INSERT INTO `order_b` VALUES (224, 109, 103, '1');
INSERT INTO `order_b` VALUES (225, 109, 401, '1');
INSERT INTO `order_b` VALUES (226, 110, 101, '1');
INSERT INTO `order_b` VALUES (227, 110, 401, '1');
INSERT INTO `order_b` VALUES (230, 112, 401, '1');
INSERT INTO `order_b` VALUES (231, 112, 303, '1');
INSERT INTO `order_b` VALUES (232, 113, 105, '1');
INSERT INTO `order_b` VALUES (233, 114, 401, '1');
INSERT INTO `order_b` VALUES (234, 114, 101, '1');
INSERT INTO `order_b` VALUES (237, 116, 401, '1');
INSERT INTO `order_b` VALUES (238, 116, 304, '1');
INSERT INTO `order_b` VALUES (239, 117, 101, '1');
INSERT INTO `order_b` VALUES (240, 117, 401, '1');
INSERT INTO `order_b` VALUES (258, 125, 401, '1');
INSERT INTO `order_b` VALUES (259, 125, 303, '1');
INSERT INTO `order_b` VALUES (260, 125, 107, '1');
INSERT INTO `order_b` VALUES (261, 126, 102, '1');
INSERT INTO `order_b` VALUES (262, 126, 401, '1');
INSERT INTO `order_b` VALUES (263, 127, 107, '1');
INSERT INTO `order_b` VALUES (264, 127, 401, '1');
INSERT INTO `order_b` VALUES (270, 132, 205, '1');
INSERT INTO `order_b` VALUES (271, 132, 401, '1');
INSERT INTO `order_b` VALUES (272, 133, 304, '1');
INSERT INTO `order_b` VALUES (273, 133, 401, '1');
INSERT INTO `order_b` VALUES (283, 137, 401, '1');
INSERT INTO `order_b` VALUES (284, 137, 107, '1');
INSERT INTO `order_b` VALUES (285, 138, 401, '1');
INSERT INTO `order_b` VALUES (286, 138, 305, '1');
INSERT INTO `order_b` VALUES (287, 139, 303, '2');
INSERT INTO `order_b` VALUES (288, 140, 401, '1');
INSERT INTO `order_b` VALUES (289, 140, 205, '1');
INSERT INTO `order_b` VALUES (292, 142, 105, '1');
INSERT INTO `order_b` VALUES (293, 143, 101, '1');
INSERT INTO `order_b` VALUES (294, 143, 401, '1');
INSERT INTO `order_b` VALUES (297, 145, 303, '1');
INSERT INTO `order_b` VALUES (298, 145, 401, '1');
INSERT INTO `order_b` VALUES (303, 147, 304, '1');
INSERT INTO `order_b` VALUES (304, 147, 401, '1');
INSERT INTO `order_b` VALUES (305, 147, 103, '1');
INSERT INTO `order_b` VALUES (306, 148, 401, '1');
INSERT INTO `order_b` VALUES (307, 148, 104, '1');
INSERT INTO `order_b` VALUES (308, 149, 305, '1');
INSERT INTO `order_b` VALUES (309, 149, 401, '1');
INSERT INTO `order_b` VALUES (310, 150, 106, '1');
INSERT INTO `order_b` VALUES (311, 151, 401, '1');
INSERT INTO `order_b` VALUES (312, 151, 107, '1');
INSERT INTO `order_b` VALUES (313, 152, 303, '2');
INSERT INTO `order_b` VALUES (314, 153, 105, '1');
INSERT INTO `order_b` VALUES (315, 154, 102, '1');
INSERT INTO `order_b` VALUES (316, 154, 401, '1');
INSERT INTO `order_b` VALUES (319, 156, 401, '1');
INSERT INTO `order_b` VALUES (320, 156, 203, '1');
INSERT INTO `order_b` VALUES (321, 157, 303, '1');
INSERT INTO `order_b` VALUES (322, 157, 401, '1');
INSERT INTO `order_b` VALUES (323, 157, 203, '1');
INSERT INTO `order_b` VALUES (324, 158, 401, '1');
INSERT INTO `order_b` VALUES (325, 158, 102, '1');
INSERT INTO `order_b` VALUES (326, 159, 401, '1');
INSERT INTO `order_b` VALUES (327, 159, 101, '1');
INSERT INTO `order_b` VALUES (328, 160, 106, '1');
INSERT INTO `order_b` VALUES (329, 160, 401, '1');
INSERT INTO `order_b` VALUES (330, 161, 401, '1');
INSERT INTO `order_b` VALUES (331, 161, 103, '1');
INSERT INTO `order_b` VALUES (332, 162, 401, '1');
INSERT INTO `order_b` VALUES (333, 162, 106, '1');
INSERT INTO `order_b` VALUES (334, 163, 106, '1');
INSERT INTO `order_b` VALUES (335, 163, 304, '1');
INSERT INTO `order_b` VALUES (336, 163, 401, '1');
INSERT INTO `order_b` VALUES (337, 164, 303, '1');
INSERT INTO `order_b` VALUES (338, 164, 205, '1');
INSERT INTO `order_b` VALUES (339, 165, 304, '1');
INSERT INTO `order_b` VALUES (340, 165, 401, '1');
INSERT INTO `order_b` VALUES (343, 167, 301, '1');
INSERT INTO `order_b` VALUES (344, 167, 203, '1');
INSERT INTO `order_b` VALUES (345, 168, 106, '1');
INSERT INTO `order_b` VALUES (346, 169, 107, '1');
INSERT INTO `order_b` VALUES (347, 170, 304, '1');
INSERT INTO `order_b` VALUES (348, 170, 401, '1');
INSERT INTO `order_b` VALUES (356, 174, 303, '1');
INSERT INTO `order_b` VALUES (357, 174, 401, '1');
INSERT INTO `order_b` VALUES (358, 175, 103, '1');
INSERT INTO `order_b` VALUES (359, 175, 401, '1');
INSERT INTO `order_b` VALUES (360, 176, 303, '2');
INSERT INTO `order_b` VALUES (361, 176, 401, '1');
INSERT INTO `order_b` VALUES (384, 184, 203, '1');
INSERT INTO `order_b` VALUES (385, 184, 401, '1');
INSERT INTO `order_b` VALUES (386, 185, 107, '1');
INSERT INTO `order_b` VALUES (387, 185, 401, '1');
INSERT INTO `order_b` VALUES (388, 186, 401, '1');
INSERT INTO `order_b` VALUES (389, 186, 101, '2');
INSERT INTO `order_b` VALUES (390, 187, 203, '1');
INSERT INTO `order_b` VALUES (391, 188, 304, '1');
INSERT INTO `order_b` VALUES (392, 188, 401, '1');
INSERT INTO `order_b` VALUES (393, 189, 303, '1');
INSERT INTO `order_b` VALUES (394, 189, 401, '1');
INSERT INTO `order_b` VALUES (395, 189, 306, '1');
INSERT INTO `order_b` VALUES (396, 190, 303, '1');
INSERT INTO `order_b` VALUES (397, 191, 101, '1');
INSERT INTO `order_b` VALUES (398, 192, 401, '1');
INSERT INTO `order_b` VALUES (399, 192, 103, '1');
INSERT INTO `order_b` VALUES (400, 193, 301, '1');
INSERT INTO `order_b` VALUES (401, 193, 401, '1');
INSERT INTO `order_b` VALUES (402, 194, 108, '1');
INSERT INTO `order_b` VALUES (403, 194, 401, '1');
INSERT INTO `order_b` VALUES (404, 195, 401, '1');
INSERT INTO `order_b` VALUES (405, 195, 101, '1');
INSERT INTO `order_b` VALUES (406, 196, 401, '1');
INSERT INTO `order_b` VALUES (407, 196, 303, '1');
INSERT INTO `order_b` VALUES (408, 197, 304, '1');
INSERT INTO `order_b` VALUES (409, 197, 401, '1');
INSERT INTO `order_b` VALUES (410, 198, 105, '1');
INSERT INTO `order_b` VALUES (411, 198, 401, '1');
INSERT INTO `order_b` VALUES (412, 199, 205, '1');
INSERT INTO `order_b` VALUES (413, 199, 401, '1');
INSERT INTO `order_b` VALUES (414, 200, 401, '1');
INSERT INTO `order_b` VALUES (415, 200, 203, '1');
INSERT INTO `order_b` VALUES (416, 201, 101, '1');
INSERT INTO `order_b` VALUES (417, 201, 401, '1');
INSERT INTO `order_b` VALUES (420, 204, 306, '1');
INSERT INTO `order_b` VALUES (421, 204, 303, '1');
INSERT INTO `order_b` VALUES (422, 205, 202, '1');
INSERT INTO `order_b` VALUES (425, 207, 203, '1');
INSERT INTO `order_b` VALUES (426, 208, 106, '1');
INSERT INTO `order_b` VALUES (427, 209, 103, '1');
INSERT INTO `order_b` VALUES (428, 210, 108, '1');
INSERT INTO `order_b` VALUES (429, 211, 401, '1');
INSERT INTO `order_b` VALUES (430, 211, 107, '1');
INSERT INTO `order_b` VALUES (431, 212, 304, '1');
INSERT INTO `order_b` VALUES (432, 212, 401, '1');
INSERT INTO `order_b` VALUES (433, 213, 101, '1');
INSERT INTO `order_b` VALUES (435, 215, 106, '1');
INSERT INTO `order_b` VALUES (436, 215, 401, '1');
INSERT INTO `order_b` VALUES (437, 215, 306, '1');
INSERT INTO `order_b` VALUES (438, 216, 303, '1');
INSERT INTO `order_b` VALUES (439, 216, 306, '1');
INSERT INTO `order_b` VALUES (442, 218, 103, '1');
INSERT INTO `order_b` VALUES (443, 218, 401, '1');
INSERT INTO `order_b` VALUES (444, 219, 102, '1');
INSERT INTO `order_b` VALUES (445, 219, 401, '1');
INSERT INTO `order_b` VALUES (446, 220, 205, '1');
INSERT INTO `order_b` VALUES (447, 220, 401, '1');
INSERT INTO `order_b` VALUES (448, 221, 304, '1');
INSERT INTO `order_b` VALUES (449, 221, 401, '1');
INSERT INTO `order_b` VALUES (450, 222, 401, '1');
INSERT INTO `order_b` VALUES (451, 222, 108, '1');
INSERT INTO `order_b` VALUES (452, 223, 101, '1');
INSERT INTO `order_b` VALUES (453, 224, 204, '1');
INSERT INTO `order_b` VALUES (454, 224, 401, '1');
INSERT INTO `order_b` VALUES (455, 225, 304, '1');
INSERT INTO `order_b` VALUES (456, 225, 401, '1');
INSERT INTO `order_b` VALUES (457, 225, 103, '1');
INSERT INTO `order_b` VALUES (458, 226, 101, '1');
INSERT INTO `order_b` VALUES (459, 226, 401, '1');
INSERT INTO `order_b` VALUES (460, 227, 108, '1');
INSERT INTO `order_b` VALUES (461, 227, 401, '1');
INSERT INTO `order_b` VALUES (462, 228, 401, '1');
INSERT INTO `order_b` VALUES (463, 228, 305, '1');
INSERT INTO `order_b` VALUES (464, 229, 101, '1');
INSERT INTO `order_b` VALUES (465, 229, 401, '1');
INSERT INTO `order_b` VALUES (466, 230, 301, '1');
INSERT INTO `order_b` VALUES (467, 230, 306, '1');
INSERT INTO `order_b` VALUES (468, 231, 303, '2');
INSERT INTO `order_b` VALUES (469, 232, 101, '1');
INSERT INTO `order_b` VALUES (470, 232, 401, '1');
INSERT INTO `order_b` VALUES (471, 233, 101, '1');
INSERT INTO `order_b` VALUES (472, 234, 103, '1');
INSERT INTO `order_b` VALUES (473, 234, 401, '1');
INSERT INTO `order_b` VALUES (474, 235, 401, '1');
INSERT INTO `order_b` VALUES (475, 236, 101, '1');
INSERT INTO `order_b` VALUES (476, 237, 401, '1');
INSERT INTO `order_b` VALUES (477, 237, 101, '1');
INSERT INTO `order_b` VALUES (478, 238, 305, '1');
INSERT INTO `order_b` VALUES (479, 238, 401, '1');
INSERT INTO `order_b` VALUES (480, 239, 108, '1');
INSERT INTO `order_b` VALUES (481, 239, 401, '1');
INSERT INTO `order_b` VALUES (482, 240, 305, '1');
INSERT INTO `order_b` VALUES (483, 240, 401, '1');
INSERT INTO `order_b` VALUES (484, 241, 401, '1');
INSERT INTO `order_b` VALUES (485, 241, 303, '1');
INSERT INTO `order_b` VALUES (486, 242, 401, '1');
INSERT INTO `order_b` VALUES (487, 242, 105, '1');
INSERT INTO `order_b` VALUES (488, 243, 304, '1');
INSERT INTO `order_b` VALUES (489, 243, 306, '1');
INSERT INTO `order_b` VALUES (493, 246, 107, '1');
INSERT INTO `order_b` VALUES (494, 246, 401, '1');
INSERT INTO `order_b` VALUES (497, 248, 401, '1');
INSERT INTO `order_b` VALUES (498, 248, 107, '1');
INSERT INTO `order_b` VALUES (501, 250, 401, '1');
INSERT INTO `order_b` VALUES (502, 250, 304, '1');
INSERT INTO `order_b` VALUES (505, 253, 401, '1');
INSERT INTO `order_b` VALUES (506, 253, 203, '1');
INSERT INTO `order_b` VALUES (507, 254, 401, '1');
INSERT INTO `order_b` VALUES (508, 254, 108, '1');
INSERT INTO `order_b` VALUES (509, 255, 202, '1');
INSERT INTO `order_b` VALUES (510, 256, 303, '2');
INSERT INTO `order_b` VALUES (511, 257, 101, '1');
INSERT INTO `order_b` VALUES (512, 258, 108, '1');
INSERT INTO `order_b` VALUES (513, 258, 401, '1');
INSERT INTO `order_b` VALUES (514, 259, 401, '1');
INSERT INTO `order_b` VALUES (515, 259, 202, '1');
INSERT INTO `order_b` VALUES (516, 260, 105, '1');
INSERT INTO `order_b` VALUES (517, 261, 107, '1');
INSERT INTO `order_b` VALUES (518, 262, 401, '1');
INSERT INTO `order_b` VALUES (519, 262, 108, '1');
INSERT INTO `order_b` VALUES (520, 263, 304, '1');
INSERT INTO `order_b` VALUES (521, 263, 401, '1');
INSERT INTO `order_b` VALUES (522, 264, 303, '2');
INSERT INTO `order_b` VALUES (523, 265, 203, '1');
INSERT INTO `order_b` VALUES (524, 265, 401, '1');
INSERT INTO `order_b` VALUES (525, 265, 301, '1');
INSERT INTO `order_b` VALUES (526, 266, 203, '1');
INSERT INTO `order_b` VALUES (527, 267, 203, '1');
INSERT INTO `order_b` VALUES (528, 267, 401, '1');
INSERT INTO `order_b` VALUES (529, 268, 401, '1');
INSERT INTO `order_b` VALUES (530, 268, 305, '1');
INSERT INTO `order_b` VALUES (531, 269, 401, '1');
INSERT INTO `order_b` VALUES (532, 269, 101, '1');
INSERT INTO `order_b` VALUES (533, 270, 101, '1');
INSERT INTO `order_b` VALUES (534, 271, 103, '1');
INSERT INTO `order_b` VALUES (535, 271, 401, '1');
INSERT INTO `order_b` VALUES (536, 272, 401, '1');
INSERT INTO `order_b` VALUES (537, 272, 104, '1');
INSERT INTO `order_b` VALUES (538, 273, 107, '1');
INSERT INTO `order_b` VALUES (539, 274, 401, '1');
INSERT INTO `order_b` VALUES (540, 274, 301, '1');
INSERT INTO `order_b` VALUES (541, 275, 401, '1');
INSERT INTO `order_b` VALUES (542, 275, 108, '1');
INSERT INTO `order_b` VALUES (543, 276, 106, '1');
INSERT INTO `order_b` VALUES (544, 276, 303, '1');
INSERT INTO `order_b` VALUES (548, 278, 401, '1');
INSERT INTO `order_b` VALUES (549, 278, 205, '1');
INSERT INTO `order_b` VALUES (550, 278, 103, '1');
INSERT INTO `order_b` VALUES (551, 279, 104, '1');
INSERT INTO `order_b` VALUES (552, 279, 401, '1');
INSERT INTO `order_b` VALUES (557, 282, 304, '1');
INSERT INTO `order_b` VALUES (558, 282, 401, '1');
INSERT INTO `order_b` VALUES (559, 283, 101, '1');
INSERT INTO `order_b` VALUES (560, 284, 107, '1');
INSERT INTO `order_b` VALUES (561, 285, 303, '1');
INSERT INTO `order_b` VALUES (562, 285, 401, '1');
INSERT INTO `order_b` VALUES (563, 286, 103, '1');
INSERT INTO `order_b` VALUES (564, 287, 103, '1');
INSERT INTO `order_b` VALUES (566, 289, 303, '1');
INSERT INTO `order_b` VALUES (567, 289, 108, '1');
INSERT INTO `order_b` VALUES (568, 290, 101, '1');
INSERT INTO `order_b` VALUES (569, 290, 303, '1');
INSERT INTO `order_b` VALUES (570, 290, 401, '1');
INSERT INTO `order_b` VALUES (571, 291, 101, '1');
INSERT INTO `order_b` VALUES (572, 292, 104, '1');
INSERT INTO `order_b` VALUES (573, 292, 401, '1');
INSERT INTO `order_b` VALUES (574, 293, 304, '1');
INSERT INTO `order_b` VALUES (575, 293, 401, '1');
INSERT INTO `order_b` VALUES (580, 297, 107, '1');
INSERT INTO `order_b` VALUES (581, 298, 401, '1');
INSERT INTO `order_b` VALUES (582, 298, 108, '1');
INSERT INTO `order_b` VALUES (583, 299, 101, '1');
INSERT INTO `order_b` VALUES (586, 301, 105, '1');
INSERT INTO `order_b` VALUES (587, 301, 401, '1');
INSERT INTO `order_b` VALUES (588, 302, 107, '1');
INSERT INTO `order_b` VALUES (589, 303, 401, '1');
INSERT INTO `order_b` VALUES (590, 303, 104, '1');
INSERT INTO `order_b` VALUES (594, 306, 305, '1');
INSERT INTO `order_b` VALUES (595, 306, 107, '1');
INSERT INTO `order_b` VALUES (596, 307, 401, '1');
INSERT INTO `order_b` VALUES (597, 307, 304, '1');
INSERT INTO `order_b` VALUES (598, 308, 103, '1');
INSERT INTO `order_b` VALUES (599, 308, 303, '1');
INSERT INTO `order_b` VALUES (600, 309, 101, '1');
INSERT INTO `order_b` VALUES (601, 310, 401, '1');
INSERT INTO `order_b` VALUES (602, 310, 108, '1');
INSERT INTO `order_b` VALUES (603, 311, 104, '1');
INSERT INTO `order_b` VALUES (604, 311, 401, '1');
INSERT INTO `order_b` VALUES (605, 312, 304, '1');
INSERT INTO `order_b` VALUES (606, 312, 401, '1');
INSERT INTO `order_b` VALUES (607, 313, 107, '1');
INSERT INTO `order_b` VALUES (609, 315, 105, '1');
INSERT INTO `order_b` VALUES (610, 316, 101, '1');
INSERT INTO `order_b` VALUES (611, 317, 105, '1');
INSERT INTO `order_b` VALUES (612, 317, 401, '1');
INSERT INTO `order_b` VALUES (613, 318, 401, '1');
INSERT INTO `order_b` VALUES (614, 318, 304, '1');
INSERT INTO `order_b` VALUES (615, 319, 107, '1');
INSERT INTO `order_b` VALUES (616, 320, 305, '1');
INSERT INTO `order_b` VALUES (617, 321, 401, '1');
INSERT INTO `order_b` VALUES (618, 321, 303, '1');
INSERT INTO `order_b` VALUES (619, 321, 101, '1');
INSERT INTO `order_b` VALUES (620, 322, 305, '1');
INSERT INTO `order_b` VALUES (621, 322, 401, '1');
INSERT INTO `order_b` VALUES (622, 323, 108, '1');
INSERT INTO `order_b` VALUES (623, 323, 401, '1');
INSERT INTO `order_b` VALUES (624, 324, 107, '1');
INSERT INTO `order_b` VALUES (625, 324, 303, '1');
INSERT INTO `order_b` VALUES (626, 325, 101, '1');
INSERT INTO `order_b` VALUES (629, 327, 304, '1');
INSERT INTO `order_b` VALUES (631, 329, 401, '1');
INSERT INTO `order_b` VALUES (632, 329, 202, '1');
INSERT INTO `order_b` VALUES (633, 330, 304, '1');
INSERT INTO `order_b` VALUES (634, 331, 101, '1');
INSERT INTO `order_b` VALUES (635, 332, 103, '1');
INSERT INTO `order_b` VALUES (636, 333, 108, '1');
INSERT INTO `order_b` VALUES (637, 334, 107, '1');
INSERT INTO `order_b` VALUES (638, 335, 401, '1');
INSERT INTO `order_b` VALUES (639, 335, 103, '1');
INSERT INTO `order_b` VALUES (640, 336, 101, '1');
INSERT INTO `order_b` VALUES (641, 337, 104, '1');
INSERT INTO `order_b` VALUES (642, 337, 401, '1');
INSERT INTO `order_b` VALUES (643, 338, 104, '1');
INSERT INTO `order_b` VALUES (644, 338, 401, '1');
INSERT INTO `order_b` VALUES (645, 339, 304, '1');
INSERT INTO `order_b` VALUES (646, 340, 303, '1');
INSERT INTO `order_b` VALUES (647, 340, 107, '1');
INSERT INTO `order_b` VALUES (648, 341, 107, '1');
INSERT INTO `order_b` VALUES (649, 342, 401, '1');
INSERT INTO `order_b` VALUES (650, 342, 301, '1');
INSERT INTO `order_b` VALUES (651, 343, 101, '1');
INSERT INTO `order_b` VALUES (652, 344, 105, '1');
INSERT INTO `order_b` VALUES (653, 344, 401, '1');
INSERT INTO `order_b` VALUES (654, 345, 304, '1');
INSERT INTO `order_b` VALUES (655, 346, 104, '1');
INSERT INTO `order_b` VALUES (656, 346, 401, '1');
INSERT INTO `order_b` VALUES (657, 347, 103, '1');
INSERT INTO `order_b` VALUES (658, 348, 101, '1');
INSERT INTO `order_b` VALUES (659, 349, 107, '1');
INSERT INTO `order_b` VALUES (660, 349, 303, '1');
INSERT INTO `order_b` VALUES (661, 350, 107, '1');
INSERT INTO `order_b` VALUES (664, 352, 101, '1');
INSERT INTO `order_b` VALUES (665, 353, 303, '1');
INSERT INTO `order_b` VALUES (666, 353, 107, '1');
INSERT INTO `order_b` VALUES (667, 354, 104, '1');
INSERT INTO `order_b` VALUES (668, 354, 401, '1');
INSERT INTO `order_b` VALUES (669, 355, 107, '1');
INSERT INTO `order_b` VALUES (670, 355, 401, '1');
INSERT INTO `order_b` VALUES (671, 356, 304, '1');
INSERT INTO `order_b` VALUES (672, 357, 103, '1');
INSERT INTO `order_b` VALUES (675, 359, 304, '1');
INSERT INTO `order_b` VALUES (676, 360, 401, '1');
INSERT INTO `order_b` VALUES (677, 360, 106, '1');
INSERT INTO `order_b` VALUES (678, 361, 101, '1');
INSERT INTO `order_b` VALUES (679, 361, 302, '1');
INSERT INTO `order_b` VALUES (680, 362, 104, '1');
INSERT INTO `order_b` VALUES (681, 362, 401, '1');
INSERT INTO `order_b` VALUES (682, 363, 202, '1');
INSERT INTO `order_b` VALUES (683, 363, 401, '1');
INSERT INTO `order_b` VALUES (684, 364, 202, '1');
INSERT INTO `order_b` VALUES (685, 365, 103, '1');
INSERT INTO `order_b` VALUES (686, 366, 101, '1');
INSERT INTO `order_b` VALUES (689, 368, 303, '1');
INSERT INTO `order_b` VALUES (690, 368, 401, '1');
INSERT INTO `order_b` VALUES (691, 369, 304, '1');
INSERT INTO `order_b` VALUES (692, 370, 104, '1');
INSERT INTO `order_b` VALUES (693, 370, 401, '1');
INSERT INTO `order_b` VALUES (694, 371, 101, '1');
INSERT INTO `order_b` VALUES (695, 372, 106, '1');
INSERT INTO `order_b` VALUES (696, 372, 401, '1');
INSERT INTO `order_b` VALUES (701, 375, 401, '1');
INSERT INTO `order_b` VALUES (702, 375, 303, '1');
INSERT INTO `order_b` VALUES (703, 376, 304, '1');
INSERT INTO `order_b` VALUES (704, 377, 106, '1');
INSERT INTO `order_b` VALUES (705, 377, 401, '1');
INSERT INTO `order_b` VALUES (708, 379, 401, '1');
INSERT INTO `order_b` VALUES (709, 379, 104, '1');
INSERT INTO `order_b` VALUES (710, 380, 101, '1');
INSERT INTO `order_b` VALUES (711, 381, 101, '1');
INSERT INTO `order_b` VALUES (712, 381, 301, '1');
INSERT INTO `order_b` VALUES (713, 382, 303, '1');
INSERT INTO `order_b` VALUES (714, 382, 107, '1');
INSERT INTO `order_b` VALUES (717, 384, 106, '1');
INSERT INTO `order_b` VALUES (718, 384, 401, '1');
INSERT INTO `order_b` VALUES (719, 385, 401, '1');
INSERT INTO `order_b` VALUES (720, 385, 303, '1');
INSERT INTO `order_b` VALUES (721, 386, 107, '1');
INSERT INTO `order_b` VALUES (722, 387, 103, '1');
INSERT INTO `order_b` VALUES (723, 388, 304, '1');
INSERT INTO `order_b` VALUES (724, 389, 107, '1');
INSERT INTO `order_b` VALUES (725, 389, 303, '1');
INSERT INTO `order_b` VALUES (726, 390, 401, '1');
INSERT INTO `order_b` VALUES (727, 390, 301, '1');
INSERT INTO `order_b` VALUES (728, 390, 304, '1');
INSERT INTO `order_b` VALUES (729, 391, 101, '1');
INSERT INTO `order_b` VALUES (730, 392, 101, '1');
INSERT INTO `order_b` VALUES (731, 393, 108, '1');
INSERT INTO `order_b` VALUES (732, 393, 401, '1');
INSERT INTO `order_b` VALUES (733, 394, 304, '1');
INSERT INTO `order_b` VALUES (734, 395, 401, '1');
INSERT INTO `order_b` VALUES (735, 395, 202, '1');
INSERT INTO `order_b` VALUES (736, 396, 107, '1');
INSERT INTO `order_b` VALUES (737, 396, 303, '1');
INSERT INTO `order_b` VALUES (738, 397, 401, '1');
INSERT INTO `order_b` VALUES (739, 397, 303, '1');
INSERT INTO `order_b` VALUES (740, 398, 103, '1');
INSERT INTO `order_b` VALUES (741, 398, 401, '1');
INSERT INTO `order_b` VALUES (742, 398, 301, '1');
INSERT INTO `order_b` VALUES (748, 400, 401, '1');
INSERT INTO `order_b` VALUES (749, 400, 502, '1');
INSERT INTO `order_b` VALUES (750, 401, 304, '1');
INSERT INTO `order_b` VALUES (751, 402, 101, '1');
INSERT INTO `order_b` VALUES (754, 404, 303, '1');
INSERT INTO `order_b` VALUES (755, 404, 501, '1');
INSERT INTO `order_b` VALUES (756, 405, 101, '1');
INSERT INTO `order_b` VALUES (757, 406, 103, '1');
INSERT INTO `order_b` VALUES (758, 406, 501, '1');
INSERT INTO `order_b` VALUES (759, 406, 401, '1');
INSERT INTO `order_b` VALUES (760, 407, 103, '1');
INSERT INTO `order_b` VALUES (761, 408, 304, '1');
INSERT INTO `order_b` VALUES (762, 409, 205, '1');
INSERT INTO `order_b` VALUES (763, 409, 401, '1');
INSERT INTO `order_b` VALUES (764, 410, 108, '1');
INSERT INTO `order_b` VALUES (765, 410, 401, '1');
INSERT INTO `order_b` VALUES (766, 411, 103, '1');
INSERT INTO `order_b` VALUES (767, 412, 107, '1');
INSERT INTO `order_b` VALUES (768, 412, 303, '1');
INSERT INTO `order_b` VALUES (769, 413, 107, '1');
INSERT INTO `order_b` VALUES (770, 413, 303, '1');
INSERT INTO `order_b` VALUES (771, 413, 401, '1');
INSERT INTO `order_b` VALUES (772, 414, 101, '1');
INSERT INTO `order_b` VALUES (773, 415, 304, '1');
INSERT INTO `order_b` VALUES (774, 416, 101, '1');
INSERT INTO `order_b` VALUES (777, 418, 401, '1');
INSERT INTO `order_b` VALUES (778, 418, 104, '1');
INSERT INTO `order_b` VALUES (782, 420, 303, '1');
INSERT INTO `order_b` VALUES (783, 420, 107, '1');
INSERT INTO `order_b` VALUES (784, 420, 401, '1');
INSERT INTO `order_b` VALUES (785, 421, 102, '1');
INSERT INTO `order_b` VALUES (786, 421, 401, '1');
INSERT INTO `order_b` VALUES (787, 422, 303, '1');
INSERT INTO `order_b` VALUES (788, 422, 107, '1');
INSERT INTO `order_b` VALUES (791, 424, 401, '1');
INSERT INTO `order_b` VALUES (792, 424, 108, '1');
INSERT INTO `order_b` VALUES (793, 425, 306, '1');
INSERT INTO `order_b` VALUES (794, 425, 401, '1');
INSERT INTO `order_b` VALUES (795, 426, 101, '1');
INSERT INTO `order_b` VALUES (796, 427, 304, '1');
INSERT INTO `order_b` VALUES (797, 428, 107, '1');
INSERT INTO `order_b` VALUES (798, 428, 303, '1');
INSERT INTO `order_b` VALUES (799, 429, 401, '1');
INSERT INTO `order_b` VALUES (800, 429, 104, '1');
INSERT INTO `order_b` VALUES (801, 430, 103, '1');
INSERT INTO `order_b` VALUES (804, 432, 401, '1');
INSERT INTO `order_b` VALUES (805, 432, 202, '1');
INSERT INTO `order_b` VALUES (806, 433, 304, '1');
INSERT INTO `order_b` VALUES (807, 434, 101, '1');
INSERT INTO `order_b` VALUES (808, 435, 101, '1');
INSERT INTO `order_b` VALUES (809, 436, 303, '1');
INSERT INTO `order_b` VALUES (810, 437, 106, '1');
INSERT INTO `order_b` VALUES (811, 437, 401, '1');
INSERT INTO `order_b` VALUES (812, 438, 104, '1');
INSERT INTO `order_b` VALUES (813, 438, 401, '1');
INSERT INTO `order_b` VALUES (814, 439, 401, '1');
INSERT INTO `order_b` VALUES (815, 439, 107, '1');
INSERT INTO `order_b` VALUES (816, 440, 304, '1');
INSERT INTO `order_b` VALUES (817, 441, 101, '1');
INSERT INTO `order_b` VALUES (818, 442, 103, '1');
INSERT INTO `order_b` VALUES (819, 443, 304, '1');
INSERT INTO `order_b` VALUES (820, 444, 202, '1');
INSERT INTO `order_b` VALUES (821, 444, 401, '1');
INSERT INTO `order_b` VALUES (822, 445, 401, '1');
INSERT INTO `order_b` VALUES (823, 445, 104, '1');
INSERT INTO `order_b` VALUES (824, 446, 101, '1');
INSERT INTO `order_b` VALUES (825, 446, 301, '1');
INSERT INTO `order_b` VALUES (826, 447, 102, '1');
INSERT INTO `order_b` VALUES (827, 447, 302, '1');
INSERT INTO `order_b` VALUES (828, 448, 301, '1');
INSERT INTO `order_b` VALUES (829, 449, 401, '1');
INSERT INTO `order_b` VALUES (830, 449, 106, '1');
INSERT INTO `order_b` VALUES (831, 450, 401, '1');
INSERT INTO `order_b` VALUES (832, 450, 202, '1');
INSERT INTO `order_b` VALUES (833, 451, 101, '1');
INSERT INTO `order_b` VALUES (834, 452, 501, '1');
INSERT INTO `order_b` VALUES (835, 452, 302, '1');
INSERT INTO `order_b` VALUES (836, 453, 304, '1');
INSERT INTO `order_b` VALUES (837, 454, 501, '1');
INSERT INTO `order_b` VALUES (838, 454, 401, '1');
INSERT INTO `order_b` VALUES (839, 455, 501, '1');
INSERT INTO `order_b` VALUES (840, 455, 401, '1');
INSERT INTO `order_b` VALUES (841, 456, 304, '1');
INSERT INTO `order_b` VALUES (842, 457, 401, '1');
INSERT INTO `order_b` VALUES (843, 457, 501, '1');
INSERT INTO `order_b` VALUES (844, 458, 401, '1');
INSERT INTO `order_b` VALUES (845, 459, 401, '1');
INSERT INTO `order_b` VALUES (846, 459, 103, '1');
INSERT INTO `order_b` VALUES (847, 460, 101, '1');
INSERT INTO `order_b` VALUES (850, 462, 503, '1');
INSERT INTO `order_b` VALUES (851, 462, 302, '1');
INSERT INTO `order_b` VALUES (852, 463, 501, '1');
INSERT INTO `order_b` VALUES (853, 463, 401, '1');
INSERT INTO `order_b` VALUES (854, 464, 502, '1');
INSERT INTO `order_b` VALUES (855, 464, 401, '1');
INSERT INTO `order_b` VALUES (856, 465, 104, '1');
INSERT INTO `order_b` VALUES (857, 465, 401, '1');
INSERT INTO `order_b` VALUES (858, 466, 304, '1');
INSERT INTO `order_b` VALUES (859, 467, 302, '1');
INSERT INTO `order_b` VALUES (860, 467, 503, '1');
INSERT INTO `order_b` VALUES (861, 468, 101, '1');
INSERT INTO `order_b` VALUES (864, 470, 103, '1');
INSERT INTO `order_b` VALUES (865, 470, 401, '1');
INSERT INTO `order_b` VALUES (866, 471, 108, '1');
INSERT INTO `order_b` VALUES (867, 471, 502, '1');
INSERT INTO `order_b` VALUES (868, 471, 401, '1');
INSERT INTO `order_b` VALUES (871, 473, 502, '1');
INSERT INTO `order_b` VALUES (872, 473, 401, '1');
INSERT INTO `order_b` VALUES (873, 474, 401, '1');
INSERT INTO `order_b` VALUES (874, 474, 501, '1');
INSERT INTO `order_b` VALUES (877, 476, 503, '1');
INSERT INTO `order_b` VALUES (878, 476, 302, '1');
INSERT INTO `order_b` VALUES (879, 477, 101, '1');
INSERT INTO `order_b` VALUES (880, 478, 206, '1');
INSERT INTO `order_b` VALUES (881, 478, 401, '1');
INSERT INTO `order_b` VALUES (882, 479, 304, '1');
INSERT INTO `order_b` VALUES (883, 480, 101, '1');
INSERT INTO `order_b` VALUES (884, 481, 401, '1');
INSERT INTO `order_b` VALUES (887, 483, 401, '1');
INSERT INTO `order_b` VALUES (888, 483, 501, '1');
INSERT INTO `order_b` VALUES (891, 485, 304, '1');
INSERT INTO `order_b` VALUES (892, 486, 503, '1');
INSERT INTO `order_b` VALUES (893, 486, 302, '1');
INSERT INTO `order_b` VALUES (894, 487, 103, '1');
INSERT INTO `order_b` VALUES (895, 487, 401, '1');
INSERT INTO `order_b` VALUES (897, 489, 101, '1');
INSERT INTO `order_b` VALUES (898, 490, 304, '1');
INSERT INTO `order_b` VALUES (899, 491, 503, '1');
INSERT INTO `order_b` VALUES (900, 492, 401, '1');
INSERT INTO `order_b` VALUES (901, 492, 101, '1');
INSERT INTO `order_b` VALUES (902, 493, 103, '1');
INSERT INTO `order_b` VALUES (903, 493, 401, '1');
INSERT INTO `order_b` VALUES (904, 494, 304, '1');
INSERT INTO `order_b` VALUES (905, 495, 101, '1');
INSERT INTO `order_b` VALUES (906, 496, 107, '1');
INSERT INTO `order_b` VALUES (907, 496, 401, '1');
INSERT INTO `order_b` VALUES (908, 497, 502, '1');
INSERT INTO `order_b` VALUES (909, 497, 401, '1');
INSERT INTO `order_b` VALUES (910, 498, 107, '1');
INSERT INTO `order_b` VALUES (911, 498, 401, '1');
INSERT INTO `order_b` VALUES (912, 499, 501, '1');
INSERT INTO `order_b` VALUES (913, 499, 401, '1');
INSERT INTO `order_b` VALUES (914, 500, 107, '1');
INSERT INTO `order_b` VALUES (915, 501, 103, '1');
INSERT INTO `order_b` VALUES (916, 501, 401, '1');
INSERT INTO `order_b` VALUES (917, 502, 503, '1');
INSERT INTO `order_b` VALUES (918, 502, 401, '1');
INSERT INTO `order_b` VALUES (919, 503, 304, '1');
INSERT INTO `order_b` VALUES (920, 504, 101, '1');
INSERT INTO `order_b` VALUES (921, 505, 105, '1');
INSERT INTO `order_b` VALUES (922, 506, 107, '1');
INSERT INTO `order_b` VALUES (924, 508, 304, '1');
INSERT INTO `order_b` VALUES (925, 509, 101, '1');
INSERT INTO `order_b` VALUES (926, 510, 401, '1');
INSERT INTO `order_b` VALUES (927, 511, 401, '1');
INSERT INTO `order_b` VALUES (928, 511, 503, '1');
INSERT INTO `order_b` VALUES (929, 511, 103, '1');
INSERT INTO `order_b` VALUES (930, 512, 107, '1');
INSERT INTO `order_b` VALUES (933, 514, 401, '1');
INSERT INTO `order_b` VALUES (934, 515, 111, '1');
INSERT INTO `order_b` VALUES (935, 515, 401, '1');
INSERT INTO `order_b` VALUES (936, 516, 304, '1');
INSERT INTO `order_b` VALUES (937, 517, 101, '1');
INSERT INTO `order_b` VALUES (938, 518, 110, '1');
INSERT INTO `order_b` VALUES (939, 518, 401, '1');
INSERT INTO `order_b` VALUES (940, 519, 101, '1');
INSERT INTO `order_b` VALUES (941, 520, 304, '1');
INSERT INTO `order_b` VALUES (944, 522, 103, '1');
INSERT INTO `order_b` VALUES (945, 522, 401, '1');
INSERT INTO `order_b` VALUES (946, 523, 101, '1');
INSERT INTO `order_b` VALUES (947, 524, 304, '1');
INSERT INTO `order_b` VALUES (948, 525, 401, '1');
INSERT INTO `order_b` VALUES (949, 525, 305, '1');
INSERT INTO `order_b` VALUES (950, 526, 304, '1');
INSERT INTO `order_b` VALUES (951, 527, 101, '1');
INSERT INTO `order_b` VALUES (952, 528, 101, '1');
INSERT INTO `order_b` VALUES (953, 528, 301, '1');
INSERT INTO `order_b` VALUES (954, 529, 401, '1');
INSERT INTO `order_b` VALUES (955, 529, 503, '1');
INSERT INTO `order_b` VALUES (956, 530, 105, '1');
INSERT INTO `order_b` VALUES (957, 531, 501, '1');
INSERT INTO `order_b` VALUES (958, 532, 503, '1');
INSERT INTO `order_b` VALUES (959, 533, 304, '1');
INSERT INTO `order_b` VALUES (960, 534, 101, '1');
INSERT INTO `order_b` VALUES (961, 535, 401, '1');
INSERT INTO `order_b` VALUES (962, 535, 103, '1');
INSERT INTO `order_b` VALUES (963, 536, 401, '1');
INSERT INTO `order_b` VALUES (964, 536, 206, '1');
INSERT INTO `order_b` VALUES (965, 537, 101, '1');
INSERT INTO `order_b` VALUES (966, 538, 304, '1');
INSERT INTO `order_b` VALUES (967, 539, 503, '1');
INSERT INTO `order_b` VALUES (968, 540, 103, '1');
INSERT INTO `order_b` VALUES (969, 540, 401, '1');
INSERT INTO `order_b` VALUES (972, 542, 401, '1');
INSERT INTO `order_b` VALUES (973, 542, 101, '1');
INSERT INTO `order_b` VALUES (974, 543, 304, '1');
INSERT INTO `order_b` VALUES (975, 544, 503, '1');
INSERT INTO `order_b` VALUES (976, 545, 101, '1');
INSERT INTO `order_b` VALUES (977, 545, 401, '1');
INSERT INTO `order_b` VALUES (978, 546, 101, '1');
INSERT INTO `order_b` VALUES (979, 547, 301, '1');
INSERT INTO `order_b` VALUES (980, 547, 401, '1');
INSERT INTO `order_b` VALUES (981, 548, 304, '1');
INSERT INTO `order_b` VALUES (982, 549, 107, '1');
INSERT INTO `order_b` VALUES (983, 550, 401, '1');
INSERT INTO `order_b` VALUES (984, 550, 503, '1');
INSERT INTO `order_b` VALUES (985, 551, 401, '1');
INSERT INTO `order_b` VALUES (986, 551, 103, '1');
INSERT INTO `order_b` VALUES (987, 552, 101, '1');
INSERT INTO `order_b` VALUES (988, 553, 101, '1');
INSERT INTO `order_b` VALUES (989, 554, 102, '1');
INSERT INTO `order_b` VALUES (990, 554, 401, '1');
INSERT INTO `order_b` VALUES (991, 555, 207, '1');
INSERT INTO `order_b` VALUES (992, 556, 103, '1');
INSERT INTO `order_b` VALUES (993, 556, 401, '1');
INSERT INTO `order_b` VALUES (994, 557, 101, '1');
INSERT INTO `order_b` VALUES (995, 558, 110, '1');
INSERT INTO `order_b` VALUES (1001, 561, 503, '1');
INSERT INTO `order_b` VALUES (1002, 561, 401, '1');
INSERT INTO `order_b` VALUES (1003, 562, 206, '1');
INSERT INTO `order_b` VALUES (1004, 562, 401, '1');
INSERT INTO `order_b` VALUES (1005, 563, 401, '1');
INSERT INTO `order_b` VALUES (1006, 563, 502, '1');
INSERT INTO `order_b` VALUES (1007, 564, 101, '1');
INSERT INTO `order_b` VALUES (1008, 565, 503, '1');
INSERT INTO `order_b` VALUES (1009, 565, 401, '1');
INSERT INTO `order_b` VALUES (1012, 567, 110, '1');
INSERT INTO `order_b` VALUES (1014, 569, 101, '1');
INSERT INTO `order_b` VALUES (1015, 570, 401, '1');
INSERT INTO `order_b` VALUES (1016, 570, 104, '1');
INSERT INTO `order_b` VALUES (1017, 571, 101, '1');
INSERT INTO `order_b` VALUES (1018, 572, 110, '1');
INSERT INTO `order_b` VALUES (1019, 573, 103, '1');
INSERT INTO `order_b` VALUES (1020, 573, 401, '1');
INSERT INTO `order_b` VALUES (1021, 574, 101, '1');
INSERT INTO `order_b` VALUES (1022, 575, 107, '1');
INSERT INTO `order_b` VALUES (1023, 576, 105, '1');
INSERT INTO `order_b` VALUES (1024, 577, 207, '1');
INSERT INTO `order_b` VALUES (1025, 577, 103, '1');
INSERT INTO `order_b` VALUES (1026, 577, 401, '1');
INSERT INTO `order_b` VALUES (1027, 578, 104, '1');
INSERT INTO `order_b` VALUES (1028, 578, 401, '1');
INSERT INTO `order_b` VALUES (1029, 579, 101, '1');
INSERT INTO `order_b` VALUES (1030, 580, 107, '1');
INSERT INTO `order_b` VALUES (1031, 581, 503, '1');
INSERT INTO `order_b` VALUES (1032, 581, 401, '1');
INSERT INTO `order_b` VALUES (1033, 582, 105, '1');
INSERT INTO `order_b` VALUES (1034, 583, 101, '1');
INSERT INTO `order_b` VALUES (1035, 584, 101, '1');
INSERT INTO `order_b` VALUES (1036, 585, 104, '1');
INSERT INTO `order_b` VALUES (1037, 586, 111, '1');
INSERT INTO `order_b` VALUES (1038, 586, 401, '1');
INSERT INTO `order_b` VALUES (1039, 587, 401, '1');
INSERT INTO `order_b` VALUES (1040, 587, 103, '1');
INSERT INTO `order_b` VALUES (1041, 588, 501, '1');
INSERT INTO `order_b` VALUES (1042, 589, 503, '1');
INSERT INTO `order_b` VALUES (1043, 589, 401, '1');
INSERT INTO `order_b` VALUES (1044, 590, 401, '1');
INSERT INTO `order_b` VALUES (1045, 590, 503, '1');
INSERT INTO `order_b` VALUES (1046, 591, 401, '1');
INSERT INTO `order_b` VALUES (1047, 591, 104, '1');
INSERT INTO `order_b` VALUES (1048, 592, 103, '1');
INSERT INTO `order_b` VALUES (1049, 592, 401, '1');
INSERT INTO `order_b` VALUES (1050, 593, 101, '1');
INSERT INTO `order_b` VALUES (1051, 594, 503, '1');
INSERT INTO `order_b` VALUES (1052, 594, 401, '1');
INSERT INTO `order_b` VALUES (1053, 595, 107, '1');
INSERT INTO `order_b` VALUES (1054, 596, 503, '1');
INSERT INTO `order_b` VALUES (1055, 596, 401, '1');
INSERT INTO `order_b` VALUES (1056, 597, 112, '1');
INSERT INTO `order_b` VALUES (1057, 597, 401, '1');
INSERT INTO `order_b` VALUES (1058, 597, 301, '1');
INSERT INTO `order_b` VALUES (1059, 598, 101, '1');
INSERT INTO `order_b` VALUES (1060, 599, 501, '1');
INSERT INTO `order_b` VALUES (1061, 600, 207, '1');
INSERT INTO `order_b` VALUES (1062, 601, 401, '1');
INSERT INTO `order_b` VALUES (1063, 601, 115, '1');
INSERT INTO `order_b` VALUES (1064, 602, 101, '1');
INSERT INTO `order_b` VALUES (1065, 603, 101, '1');
INSERT INTO `order_b` VALUES (1066, 604, 101, '1');

-- ----------------------------
-- Table structure for user
-- ----------------------------
DROP TABLE IF EXISTS `user`;
CREATE TABLE `user`  (
  `id` int(11) NOT NULL AUTO_INCREMENT,
  `user_code` varchar(255) CHARACTER SET utf8mb4 COLLATE utf8mb4_general_ci NULL DEFAULT NULL,
  `user_name` varchar(255) CHARACTER SET utf8mb4 COLLATE utf8mb4_general_ci NULL DEFAULT NULL,
  `user_comment` varchar(255) CHARACTER SET utf8mb4 COLLATE utf8mb4_general_ci NULL DEFAULT NULL,
  `mail` varchar(255) CHARACTER SET utf8mb4 COLLATE utf8mb4_general_ci NULL DEFAULT NULL,
  `mobile` varchar(20) CHARACTER SET utf8mb4 COLLATE utf8mb4_general_ci NULL DEFAULT NULL,
  `sex` varchar(1) CHARACTER SET utf8mb4 COLLATE utf8mb4_general_ci NULL DEFAULT NULL COMMENT '0-男   1-女',
  `user_type` varchar(1) CHARACTER SET utf8mb4 COLLATE utf8mb4_general_ci NULL DEFAULT NULL COMMENT '0-邮校  1-大观南',
  `favorite` varchar(255) CHARACTER SET utf8mb4 COLLATE utf8mb4_general_ci NULL DEFAULT NULL COMMENT '喜好',
  PRIMARY KEY (`id`) USING BTREE
) ENGINE = InnoDB AUTO_INCREMENT = 23 CHARACTER SET = utf8mb4 COLLATE = utf8mb4_general_ci ROW_FORMAT = DYNAMIC;

-- ----------------------------
-- Records of user
-- ----------------------------
INSERT INTO `user` VALUES (1, '007', '许旭楷', '', NULL, NULL, NULL, '0', NULL);
INSERT INTO `user` VALUES (2, '009', '王正宇', NULL, NULL, NULL, NULL, '0', NULL);
INSERT INTO `user` VALUES (3, '017', '钟海萍', NULL, NULL, NULL, NULL, '0', NULL);
INSERT INTO `user` VALUES (4, '004', '朱亚文', NULL, NULL, NULL, NULL, '0', NULL);
INSERT INTO `user` VALUES (5, '013', '刘自豪', '', NULL, '9999', NULL, '0', NULL);
INSERT INTO `user` VALUES (6, '005', '梁飞飞', '', NULL, NULL, NULL, '0', NULL);
INSERT INTO `user` VALUES (7, '010', '黄立健', NULL, NULL, NULL, NULL, '0', NULL);
INSERT INTO `user` VALUES (8, '012', '邹锐杭', NULL, NULL, NULL, NULL, '0', NULL);
INSERT INTO `user` VALUES (9, '003', '梁晓欣', NULL, NULL, NULL, NULL, '0', NULL);
INSERT INTO `user` VALUES (10, '002', '王万', NULL, NULL, NULL, NULL, '0', NULL);
INSERT INTO `user` VALUES (11, '001', '李燕', '', '', NULL, NULL, '0', NULL);
INSERT INTO `user` VALUES (12, '015', '欧涛涛', NULL, NULL, NULL, NULL, '0', NULL);
INSERT INTO `user` VALUES (13, '008', '汪洋', NULL, NULL, NULL, NULL, '0', NULL);
INSERT INTO `user` VALUES (14, '006', '杨棋添', NULL, NULL, NULL, NULL, '0', NULL);
INSERT INTO `user` VALUES (15, '011', '黄绍朋', NULL, NULL, NULL, NULL, '0', NULL);
INSERT INTO `user` VALUES (16, '014', '汪越', NULL, NULL, NULL, NULL, '0', NULL);
INSERT INTO `user` VALUES (17, '016', '测试用', NULL, NULL, NULL, NULL, '0', NULL);
INSERT INTO `user` VALUES (18, '018', '陈浩帆', NULL, NULL, NULL, NULL, '0', NULL);
INSERT INTO `user` VALUES (19, '019', '黄钰欣', NULL, NULL, NULL, NULL, '0', NULL);
INSERT INTO `user` VALUES (20, '020', '林克敏', NULL, NULL, NULL, NULL, '0', NULL);
INSERT INTO `user` VALUES (21, '021', '北京王万', NULL, NULL, NULL, NULL, '0', NULL);
INSERT INTO `user` VALUES (22, '022', '廖俊锋', NULL, NULL, NULL, NULL, '0', NULL);

SET FOREIGN_KEY_CHECKS = 1;
